episode,total_reward
1,-316
2,-307
3,-406
4,-289
5,-307
6,-307
7,-334
8,-325
9,-343
10,-289
11,-343
12,-370
13,-334
14,-298
15,-316
16,-388
17,-253
18,-307
19,-388
20,-334
21,-334
22,-361
23,-352
24,-334
25,-298
26,-325
27,-289
28,-298
29,-361
30,-325
31,-262
32,-280
33,-307
34,-316
35,-298
36,-361
37,-237
38,-235
39,-271
40,-334
41,-307
42,-352
43,-343
44,-275
45,-244
46,-262
47,-280
48,-361
49,-334
50,-334
51,-316
52,-325
53,-244
54,-361
55,-307
56,-325
57,-298
58,-262
59,-298
60,-280
61,-280
62,-253
63,-307
64,-334
65,-316
66,-298
67,-289
68,-235
69,-271
70,-262
71,-352
72,-334
73,-262
74,-298
75,-298
76,-271
77,-271
78,-110
79,-289
80,-325
81,-361
82,-307
83,-280
84,-289
85,-271
86,-262
87,-304
88,-280
89,-253
90,-298
91,-253
92,-217
93,-289
94,-226
95,-226
96,-298
97,-298
98,-271
99,-334
100,-235
101,-289
102,-307
103,-289
104,-307
105,-289
106,-298
107,-352
108,-271
109,-232
110,-208
111,-138
112,-262
113,-271
114,-298
115,-56
116,-219
117,-307
118,-289
119,-343
120,-198
121,-104
122,-262
123,-325
124,-271
125,-298
126,-82
127,-253
128,-202
129,-198
130,-316
131,-289
132,-244
133,-262
134,-31
135,-325
136,-262
137,-235
138,-244
139,-217
140,-234
141,-223
142,-298
143,-343
144,-307
145,-298
146,-262
147,-138
148,-253
149,-253
150,-262
151,-246
152,-343
153,-192
154,-45
155,-235
156,-298
157,-316
158,-262
159,-226
160,-262
161,-343
162,-289
163,-289
164,-235
165,-34
166,-130
167,-226
168,-271
169,-265
170,-136
171,-57
172,-149
173,-101
174,-184
175,-69
176,-262
177,-266
178,-271
179,-55
180,-108
181,-253
182,-62
183,-280
184,-280
185,-25
186,-202
187,-208
188,-110
189,-187
190,-253
191,-151
192,-64
193,-298
194,-262
195,-316
196,-280
197,-88
198,-298
199,-235
200,-289
201,-253
202,-90
203,-208
204,-226
205,-280
206,-32
207,-250
208,-48
209,-280
210,-29
211,-88
212,-44
213,-289
214,-77
215,-298
216,-307
217,-25
218,-226
219,-196
220,-162
221,-208
222,-50
223,-241
224,-271
225,-29
226,-280
227,-150
228,-46
229,-175
230,-68
231,-280
232,-298
233,7
234,-78
235,-82
236,-240
237,-69
238,-298
239,-113
240,-94
241,-155
242,-167
243,-226
244,-96
245,-262
246,-85
247,-235
248,-325
249,-190
250,-132
251,-217
252,-105
253,-255
254,-21
255,-47
256,-111
257,-289
258,-379
259,-38
260,-65
261,-21
262,-136
263,-79
264,-35
265,-100
266,-28
267,-280
268,-103
269,-262
270,-262
271,-77
272,-65
273,-244
274,-298
275,-193
276,-18
277,-62
278,-249
279,-236
280,-115
281,11
282,-94
283,-127
284,-36
285,-190
286,-96
287,-138
288,-61
289,-68
290,-123
291,-18
292,-57
293,-82
294,-108
295,-71
296,-175
297,-43
298,-22
299,-187
300,-103
301,-95
302,-53
303,-34
304,-74
305,-29
306,-167
307,-223
308,-158
309,-99
310,-126
311,-42
312,-113
313,-60
314,-65
315,-50
316,-29
317,-280
318,-256
319,-76
320,-233
321,-280
322,-199
323,-229
324,-153
325,-133
326,-72
327,-112
328,-152
329,-292
330,-12
331,-100
332,-113
333,-100
334,-56
335,3
336,-262
337,-39
338,-189
339,-126
340,-44
341,-42
342,-60
343,-79
344,-38
345,-93
346,-64
347,-58
348,-79
349,-37
350,-92
351,-59
352,-117
353,-35
354,-178
355,-262
356,-42
357,-126
358,-275
359,-211
360,-22
361,-133
362,-89
363,-215
364,-197
365,6
366,-214
367,-91
368,-117
369,-46
370,-59
371,-25
372,-137
373,-289
374,-89
375,-98
376,-25
377,-78
378,-78
379,-54
380,-70
381,-110
382,-81
383,-32
384,-58
385,-47
386,-253
387,-46
388,-64
389,-187
390,-45
391,-111
392,-77
393,-262
394,-36
395,-109
396,-49
397,-226
398,-109
399,-57
400,-20
401,-167
402,-17
403,-60
404,-118
405,-117
406,-59
407,-271
408,-96
409,-16
410,-29
411,-61
412,-27
413,-72
414,-80
415,9
416,-64
417,-13
418,-168
419,-164
420,-36
421,-23
422,-46
423,-128
424,-61
425,-123
426,-102
427,-35
428,-90
429,-147
430,-192
431,-30
432,-35
433,-85
434,-54
435,-121
436,-176
437,-102
438,-224
439,-34
440,-59
441,-77
442,-50
443,-30
444,-85
445,-80
446,-62
447,-63
448,-39
449,-91
450,-60
451,-68
452,-136
453,-67
454,-90
455,-62
456,-19
457,-73
458,-151
459,-168
460,-28
461,-64
462,-110
463,-103
464,-59
465,-117
466,-18
467,-35
468,-19
469,-64
470,-117
471,-39
472,-19
473,-36
474,-35
475,-20
476,-113
477,-5
478,-58
479,3
480,-99
481,-47
482,-41
483,-80
484,-56
485,-101
486,-42
487,-52
488,-100
489,-121
490,-109
491,-51
492,-86
493,-19
494,-59
495,-70
496,-78
497,-35
498,-68
499,-81
500,-77
501,-69
502,-145
503,-36
504,-68
505,-38
506,-11
507,-50
508,-169
509,-83
510,-131
511,-100
512,-43
513,-79
514,-61
515,-186
516,-71
517,-73
518,-75
519,-77
520,-75
521,-12
522,-64
523,-33
524,-46
525,-47
526,-14
527,-343
528,-74
529,-126
530,-181
531,-185
532,-140
533,-54
534,-113
535,-43
536,-44
537,-48
538,-108
539,-130
540,-18
541,-73
542,-118
543,-50
544,-36
545,-133
546,-45
547,-40
548,-19
549,-142
550,-78
551,-33
552,-45
553,-48
554,-132
555,-55
556,-81
557,-81
558,-29
559,-81
560,-119
561,-80
562,-82
563,-113
564,-26
565,-39
566,-26
567,-28
568,-83
569,-97
570,-31
571,-5
572,-73
573,-80
574,-41
575,-80
576,-147
577,-45
578,-206
579,-107
580,-25
581,-125
582,-68
583,-205
584,-126
585,-65
586,-40
587,-161
588,-15
589,-70
590,-81
591,0
592,-37
593,-25
594,-134
595,-129
596,-53
597,-44
598,-62
599,-42
600,-52
601,-31
602,-104
603,-68
604,-25
605,-58
606,-74
607,-29
608,-96
609,-74
610,-79
611,2
612,-56
613,-168
614,-39
615,-6
616,-15
617,-150
618,-53
619,-145
620,-23
621,-29
622,-114
623,-20
624,-32
625,-72
626,-53
627,-103
628,-39
629,-223
630,-65
631,-178
632,-164
633,-18
634,-63
635,-139
636,-31
637,-50
638,-36
639,-107
640,-100
641,-38
642,-123
643,-66
644,-49
645,-6
646,-17
647,-119
648,-82
649,-148
650,-13
651,-66
652,-68
653,-23
654,-85
655,-72
656,-30
657,-170
658,-49
659,-16
660,-164
661,-176
662,-168
663,-169
664,-1
665,-11
666,-80
667,-16
668,-56
669,-98
670,-80
671,-34
672,-18
673,-82
674,-97
675,-80
676,-104
677,-81
678,-180
679,-58
680,-67
681,-86
682,-73
683,-60
684,-45
685,-69
686,-6
687,-40
688,-17
689,-63
690,-49
691,-50
692,-76
693,-119
694,-46
695,-69
696,-103
697,-79
698,-126
699,0
700,-156
701,-101
702,-77
703,-261
704,-31
705,-58
706,-69
707,-85
708,-16
709,-25
710,-124
711,-34
712,-83
713,-48
714,-109
715,-24
716,-93
717,-25
718,-84
719,-82
720,-47
721,-17
722,-79
723,-35
724,4
725,-103
726,-102
727,-116
728,-10
729,-65
730,-163
731,-62
732,-207
733,-60
734,-58
735,-1
736,-66
737,-32
738,-82
739,-104
740,-55
741,-13
742,-76
743,-60
744,-9
745,-114
746,-46
747,-191
748,-50
749,-34
750,-94
751,-89
752,-203
753,-102
754,-106
755,-154
756,-103
757,-24
758,-55
759,-75
760,-58
761,-45
762,-47
763,-106
764,-307
765,-41
766,-70
767,-52
768,-16
769,-65
770,-29
771,-107
772,-55
773,-34
774,-44
775,-50
776,-79
777,-61
778,6
779,2
780,-46
781,-18
782,-144
783,-41
784,-38
785,-47
786,-131
787,-205
788,-189
789,-60
790,-31
791,-69
792,-37
793,-48
794,-23
795,-61
796,-14
797,-51
798,-25
799,-18
800,-54
801,-65
802,-53
803,-83
804,-135
805,-37
806,-91
807,-131
808,-92
809,-34
810,-8
811,-103
812,-67
813,-51
814,-6
815,-29
816,-94
817,-35
818,-120
819,-34
820,-112
821,-33
822,-24
823,-121
824,-126
825,-63
826,-74
827,-39
828,-118
829,-51
830,-38
831,-139
832,-44
833,-58
834,-74
835,-113
836,-51
837,-70
838,-22
839,-100
840,-53
841,-147
842,-43
843,-61
844,-111
845,-65
846,-33
847,-48
848,-96
849,-50
850,-87
851,-1
852,-126
853,6
854,-60
855,-102
856,-85
857,-40
858,-32
859,-187
860,-70
861,-25
862,-55
863,-77
864,-119
865,-28
866,-15
867,-12
868,-23
869,-150
870,-29
871,-37
872,-73
873,-107
874,-25
875,-37
876,-169
877,-88
878,-68
879,-110
880,-86
881,-58
882,-61
883,-131
884,-76
885,-70
886,-98
887,-103
888,-156
889,-75
890,-53
891,-12
892,-116
893,-158
894,-49
895,-68
896,-105
897,8
898,-246
899,-54
900,-100
901,-60
902,-78
903,-74
904,-153
905,-36
906,-48
907,-70
908,-23
909,-31
910,-211
911,-61
912,-98
913,-99
914,-73
915,-2
916,-224
917,-28
918,-134
919,-59
920,-87
921,-11
922,-20
923,-57
924,-15
925,-72
926,-28
927,-32
928,-62
929,-38
930,-55
931,-95
932,-52
933,-97
934,-54
935,-7
936,-15
937,-70
938,-45
939,-73
940,-88
941,-90
942,-98
943,-145
944,-134
945,-114
946,-39
947,-82
948,-117
949,-65
950,-31
951,-74
952,-78
953,-33
954,-106
955,-120
956,-86
957,-25
958,-68
959,-27
960,-48
961,-83
962,-88
963,-134
964,-89
965,-21
966,-92
967,-82
968,-66
969,-40
970,-141
971,-33
972,-57
973,-55
974,-117
975,-193
976,-91
977,-65
978,-57
979,-125
980,-41
981,-47
982,-40
983,-14
984,-45
985,-103
986,-132
987,-106
988,-190
989,-86
990,-62
991,-91
992,6
993,-168
994,-71
995,-298
996,-7
997,-42
998,2
999,-189
1000,-50
1001,-184
1002,-70
1003,-9
1004,-18
1005,8
1006,3
1007,4
1008,9
1009,8
1010,9
1011,0
1012,-17
1013,9
1014,-24
1015,8
1016,9
1017,7
1018,5
1019,6
1020,10
1021,5
1022,7
1023,5
1024,7
1025,11
1026,3
1027,12
1028,7
1029,4
1030,4
1031,14
1032,14
1033,10
1034,10
1035,2
1036,7
1037,10
1038,9
1039,10
1040,6
1041,11
1042,8
1043,7
1044,11
1045,6
1046,11
1047,12
1048,6
1049,5
1050,7
1051,9
1052,7
1053,11
1054,7
1055,5
1056,9
1057,8
1058,10
1059,5
1060,11
1061,4
1062,6
1063,-2
1064,9
1065,5
1066,5
1067,9
1068,10
1069,8
1070,7
1071,5
1072,4
1073,3
1074,10
1075,4
1076,3
1077,3
1078,4
1079,9
1080,-6
1081,5
1082,6
1083,5
1084,10
1085,7
1086,6
1087,8
1088,5
1089,5
1090,6
1091,7
1092,10
1093,10
1094,14
1095,5
1096,-1
1097,8
1098,6
1099,6
1100,6
1101,4
1102,8
1103,10
1104,14
1105,6
1106,10
1107,5
1108,11
1109,14
1110,4
1111,7
1112,9
1113,7
1114,7
1115,5
1116,6
1117,6
1118,9
1119,9
1120,7
1121,5
1122,8
1123,8
1124,10
1125,7
1126,8
1127,9
1128,9
1129,-5
1130,7
1131,9
1132,5
1133,8
1134,9
1135,4
1136,12
1137,5
1138,11
1139,10
1140,6
1141,8
1142,13
1143,-6
1144,7
1145,6
1146,10
1147,8
1148,4
1149,11
1150,9
1151,9
1152,-3
1153,6
1154,8
1155,11
1156,11
1157,-6
1158,9
1159,8
1160,10
1161,5
1162,5
1163,5
1164,7
1165,5
1166,3
1167,11
1168,8
1169,8
1170,8
1171,9
1172,5
1173,6
1174,5
1175,10
1176,12
1177,6
1178,9
1179,-3
1180,7
1181,14
1182,7
1183,13
1184,11
1185,5
1186,3
1187,9
1188,8
1189,7
1190,8
1191,4
1192,8
1193,9
1194,5
1195,10
1196,6
1197,6
1198,4
1199,7
1200,4
1201,10
1202,9
1203,7
1204,8
1205,10
1206,7
1207,10
1208,7
1209,10
1210,8
1211,9
1212,13
1213,4
1214,9
1215,8
1216,10
1217,7
1218,9
1219,7
1220,8
1221,6
1222,10
1223,7
1224,13
1225,7
1226,7
1227,7
1228,7
1229,11
1230,-6
1231,11
1232,4
1233,11
1234,4
1235,12
1236,3
1237,8
1238,10
1239,5
1240,6
1241,10
1242,6
1243,8
1244,10
1245,7
1246,8
1247,10
1248,10
1249,5
1250,5
1251,6
1252,-1
1253,5
1254,8
1255,11
1256,7
1257,6
1258,9
1259,5
1260,10
1261,12
1262,7
1263,8
1264,9
1265,5
1266,9
1267,7
1268,6
1269,8
1270,8
1271,15
1272,6
1273,3
1274,4
1275,7
1276,13
1277,12
1278,5
1279,6
1280,7
1281,10
1282,5
1283,6
1284,10
1285,8
1286,9
1287,7
1288,7
1289,9
1290,4
1291,6
1292,4
1293,7
1294,10
1295,4
1296,11
1297,3
1298,6
1299,5
1300,7
1301,8
1302,6
1303,11
1304,3
1305,7
1306,13
1307,10
1308,5
1309,9
1310,13
1311,12
1312,8
1313,9
1314,3
1315,6
1316,5
1317,14
1318,12
1319,8
1320,7
1321,6
1322,9
1323,5
1324,11
1325,4
1326,8
1327,14
1328,4
1329,6
1330,6
1331,7
1332,11
1333,7
1334,8
1335,10
1336,5
1337,11
1338,12
1339,9
1340,8
1341,5
1342,9
1343,8
1344,12
1345,7
1346,6
1347,6
1348,3
1349,9
1350,11
1351,7
1352,11
1353,5
1354,10
1355,-2
1356,8
1357,10
1358,11
1359,9
1360,6
1361,13
1362,7
1363,5
1364,4
1365,8
1366,6
1367,8
1368,3
1369,9
1370,10
1371,10
1372,-2
1373,3
1374,8
1375,9
1376,8
1377,6
1378,11
1379,6
1380,7
1381,9
1382,6
1383,4
1384,6
1385,15
1386,8
1387,9
1388,7
1389,11
1390,10
1391,7
1392,5
1393,7
1394,4
1395,6
1396,5
1397,10
1398,9
1399,-1
1400,11
1401,10
1402,13
1403,9
1404,11
1405,8
1406,9
1407,9
1408,11
1409,8
1410,6
1411,9
1412,-2
1413,14
1414,8
1415,6
1416,7
1417,15
1418,9
1419,4
1420,11
1421,8
1422,6
1423,6
1424,9
1425,2
1426,7
1427,7
1428,1
1429,8
1430,5
1431,10
1432,9
1433,6
1434,10
1435,6
1436,9
1437,5
1438,9
1439,9
1440,10
1441,11
1442,4
1443,9
1444,4
1445,7
1446,5
1447,7
1448,11
1449,-6
1450,9
1451,9
1452,4
1453,11
1454,9
1455,11
1456,4
1457,9
1458,7
1459,11
1460,12
1461,6
1462,10
1463,8
1464,14
1465,11
1466,9
1467,7
1468,7
1469,13
1470,6
1471,7
1472,7
1473,9
1474,7
1475,8
1476,11
1477,10
1478,9
1479,11
1480,3
1481,11
1482,13
1483,4
1484,6
1485,9
1486,6
1487,13
1488,5
1489,7
1490,15
1491,8
1492,7
1493,7
1494,8
1495,10
1496,7
1497,8
1498,0
1499,13
1500,10
1501,8
1502,11
1503,11
1504,9
1505,9
1506,7
1507,11
1508,8
1509,3
1510,8
1511,7
1512,11
1513,4
1514,8
1515,5
1516,10
1517,8
1518,5
1519,14
1520,13
1521,9
1522,-1
1523,11
1524,10
1525,9
1526,3
1527,5
1528,10
1529,8
1530,7
1531,8
1532,3
1533,8
1534,-1
1535,4
1536,12
1537,8
1538,10
1539,3
1540,6
1541,8
1542,9
1543,5
1544,4
1545,8
1546,9
1547,6
1548,5
1549,6
1550,10
1551,9
1552,3
1553,5
1554,3
1555,4
1556,4
1557,13
1558,10
1559,12
1560,7
1561,-5
1562,7
1563,9
1564,5
1565,9
1566,12
1567,8
1568,10
1569,8
1570,11
1571,6
1572,4
1573,10
1574,12
1575,12
1576,9
1577,6
1578,6
1579,-2
1580,5
1581,10
1582,9
1583,8
1584,7
1585,10
1586,9
1587,-3
1588,10
1589,13
1590,6
1591,11
1592,-3
1593,7
1594,11
1595,6
1596,12
1597,12
1598,6
1599,6
1600,11
1601,7
1602,8
1603,5
1604,7
1605,11
1606,6
1607,10
1608,4
1609,8
1610,11
1611,0
1612,9
1613,10
1614,5
1615,6
1616,8
1617,7
1618,8
1619,12
1620,7
1621,8
1622,8
1623,8
1624,5
1625,5
1626,8
1627,6
1628,6
1629,7
1630,7
1631,8
1632,9
1633,10
1634,7
1635,7
1636,7
1637,-3
1638,3
1639,12
1640,8
1641,9
1642,7
1643,-2
1644,7
1645,8
1646,10
1647,11
1648,4
1649,6
1650,6
1651,3
1652,7
1653,6
1654,9
1655,4
1656,7
1657,12
1658,3
1659,6
1660,9
1661,10
1662,6
1663,8
1664,5
1665,7
1666,8
1667,8
1668,11
1669,14
1670,12
1671,9
1672,8
1673,7
1674,3
1675,4
1676,6
1677,10
1678,4
1679,6
1680,9
1681,9
1682,14
1683,9
1684,4
1685,7
1686,13
1687,7
1688,5
1689,9
1690,9
1691,8
1692,6
1693,10
1694,4
1695,7
1696,8
1697,-5
1698,7
1699,9
1700,8
1701,10
1702,9
1703,11
1704,8
1705,7
1706,8
1707,5
1708,13
1709,4
1710,11
1711,8
1712,12
1713,9
1714,10
1715,8
1716,5
1717,7
1718,4
1719,13
1720,7
1721,8
1722,6
1723,4
1724,8
1725,-4
1726,11
1727,11
1728,6
1729,4
1730,5
1731,7
1732,13
1733,3
1734,9
1735,10
1736,8
1737,4
1738,11
1739,14
1740,9
1741,9
1742,7
1743,10
1744,5
1745,4
1746,9
1747,4
1748,6
1749,10
1750,9
1751,13
1752,14
1753,0
1754,4
1755,7
1756,14
1757,4
1758,5
1759,10
1760,8
1761,12
1762,6
1763,5
1764,7
1765,9
1766,9
1767,10
1768,-3
1769,11
1770,3
1771,8
1772,8
1773,-2
1774,9
1775,8
1776,7
1777,9
1778,6
1779,7
1780,9
1781,10
1782,-3
1783,13
1784,12
1785,4
1786,11
1787,5
1788,15
1789,10
1790,5
1791,11
1792,5
1793,8
1794,4
1795,10
1796,11
1797,4
1798,8
1799,14
1800,3
1801,8
1802,7
1803,10
1804,4
1805,7
1806,5
1807,5
1808,7
1809,5
1810,4
1811,6
1812,-5
1813,13
1814,6
1815,6
1816,7
1817,10
1818,-4
1819,10
1820,7
1821,11
1822,9
1823,5
1824,4
1825,14
1826,10
1827,8
1828,9
1829,7
1830,3
1831,3
1832,8
1833,14
1834,8
1835,8
1836,7
1837,9
1838,5
1839,4
1840,5
1841,11
1842,8
1843,3
1844,7
1845,10
1846,5
1847,-4
1848,7
1849,11
1850,13
1851,4
1852,9
1853,6
1854,6
1855,8
1856,9
1857,2
1858,9
1859,1
1860,11
1861,4
1862,4
1863,11
1864,4
1865,6
1866,6
1867,8
1868,13
1869,11
1870,8
1871,6
1872,11
1873,7
1874,6
1875,5
1876,6
1877,4
1878,9
1879,9
1880,12
1881,10
1882,9
1883,11
1884,2
1885,10
1886,12
1887,9
1888,7
1889,9
1890,8
1891,5
1892,7
1893,8
1894,7
1895,9
1896,7
1897,0
1898,5
1899,8
1900,7
1901,12
1902,11
1903,9
1904,9
1905,9
1906,13
1907,10
1908,9
1909,4
1910,7
1911,5
1912,14
1913,15
1914,12
1915,5
1916,7
1917,12
1918,9
1919,8
1920,5
1921,3
1922,3
1923,3
1924,3
1925,4
1926,10
1927,5
1928,-3
1929,6
1930,10
1931,7
1932,6
1933,-5
1934,10
1935,10
1936,5
1937,9
1938,12
1939,11
1940,7
1941,-5
1942,5
1943,-4
1944,10
1945,5
1946,9
1947,9
1948,5
1949,11
1950,5
1951,4
1952,5
1953,5
1954,6
1955,9
1956,6
1957,5
1958,4
1959,4
1960,12
1961,11
1962,9
1963,14
1964,4
1965,9
1966,11
1967,5
1968,6
1969,9
1970,3
1971,9
1972,6
1973,9
1974,5
1975,9
1976,11
1977,11
1978,5
1979,10
1980,8
1981,12
1982,6
1983,8
1984,7
1985,8
1986,3
1987,9
1988,9
1989,11
1990,9
1991,10
1992,14
1993,7
1994,6
1995,9
1996,7
1997,10
1998,6
1999,8
2000,4
2001,10
2002,6
2003,8
2004,9
2005,6
2006,-1
2007,5
2008,-3
2009,6
2010,10
2011,4
2012,6
2013,8
2014,7
2015,6
2016,10
2017,-2
2018,8
2019,11
2020,6
2021,7
2022,5
2023,6
2024,12
2025,8
2026,6
2027,13
2028,8
2029,10
2030,-4
2031,6
2032,11
2033,9
2034,11
2035,10
2036,8
2037,13
2038,3
2039,4
2040,7
2041,9
2042,10
2043,7
2044,13
2045,7
2046,10
2047,3
2048,7
2049,10
2050,8
2051,9
2052,4
2053,7
2054,6
2055,5
2056,14
2057,8
2058,5
2059,9
2060,9
2061,7
2062,9
2063,12
2064,5
2065,6
2066,11
2067,-3
2068,6
2069,-4
2070,7
2071,8
2072,10
2073,11
2074,9
2075,12
2076,9
2077,8
2078,10
2079,6
2080,4
2081,8
2082,11
2083,9
2084,6
2085,5
2086,5
2087,7
2088,9
2089,4
2090,8
2091,11
2092,5
2093,3
2094,-1
2095,8
2096,11
2097,-4
2098,4
2099,5
2100,-1
2101,4
2102,5
2103,7
2104,6
2105,11
2106,3
2107,9
2108,10
2109,5
2110,9
2111,11
2112,5
2113,3
2114,12
2115,-3
2116,11
2117,2
2118,6
2119,7
2120,9
2121,5
2122,10
2123,7
2124,8
2125,8
2126,5
2127,7
2128,4
2129,11
2130,8
2131,9
2132,10
2133,4
2134,6
2135,8
2136,9
2137,1
2138,10
2139,7
2140,11
2141,3
2142,7
2143,5
2144,8
2145,3
2146,4
2147,6
2148,5
2149,4
2150,8
2151,9
2152,9
2153,12
2154,6
2155,5
2156,11
2157,11
2158,11
2159,9
2160,5
2161,6
2162,4
2163,5
2164,10
2165,8
2166,8
2167,3
2168,9
2169,6
2170,8
2171,2
2172,8
2173,10
2174,14
2175,12
2176,4
2177,15
2178,9
2179,11
2180,9
2181,7
2182,4
2183,5
2184,7
2185,10
2186,7
2187,9
2188,5
2189,7
2190,5
2191,3
2192,4
2193,11
2194,10
2195,12
2196,3
2197,7
2198,7
2199,0
2200,7
2201,4
2202,12
2203,4
2204,11
2205,12
2206,9
2207,12
2208,7
2209,9
2210,9
2211,12
2212,7
2213,6
2214,5
2215,8
2216,3
2217,6
2218,9
2219,6
2220,10
2221,11
2222,3
2223,8
2224,8
2225,9
2226,6
2227,11
2228,4
2229,4
2230,5
2231,10
2232,9
2233,7
2234,6
2235,1
2236,11
2237,8
2238,6
2239,15
2240,13
2241,11
2242,7
2243,6
2244,8
2245,12
2246,11
2247,8
2248,7
2249,9
2250,9
2251,15
2252,9
2253,4
2254,10
2255,9
2256,5
2257,5
2258,8
2259,8
2260,7
2261,9
2262,15
2263,6
2264,8
2265,5
2266,4
2267,9
2268,9
2269,7
2270,5
2271,10
2272,-1
2273,9
2274,10
2275,10
2276,5
2277,6
2278,4
2279,8
2280,9
2281,8
2282,10
2283,9
2284,7
2285,8
2286,9
2287,8
2288,7
2289,13
2290,10
2291,8
2292,11
2293,13
2294,5
2295,4
2296,6
2297,6
2298,4
2299,8
2300,5
2301,6
2302,3
2303,11
2304,9
2305,5
2306,11
2307,11
2308,-6
2309,6
2310,6
2311,6
2312,5
2313,5
2314,8
2315,9
2316,8
2317,9
2318,8
2319,9
2320,6
2321,13
2322,4
2323,7
2324,9
2325,6
2326,10
2327,4
2328,8
2329,8
2330,6
2331,8
2332,9
2333,10
2334,8
2335,5
2336,8
2337,8
2338,9
2339,9
2340,4
2341,5
2342,4
2343,10
2344,9
2345,5
2346,10
2347,8
2348,6
2349,8
2350,11
2351,8
2352,4
2353,12
2354,7
2355,11
2356,6
2357,8
2358,9
2359,6
2360,0
2361,8
2362,12
2363,10
2364,4
2365,-4
2366,10
2367,7
2368,14
2369,-2
2370,-3
2371,8
2372,11
2373,1
2374,7
2375,4
2376,9
2377,10
2378,7
2379,9
2380,10
2381,8
2382,8
2383,9
2384,7
2385,10
2386,7
2387,15
2388,5
2389,10
2390,10
2391,4
2392,4
2393,12
2394,7
2395,11
2396,7
2397,6
2398,11
2399,7
2400,8
2401,7
2402,7
2403,9
2404,11
2405,13
2406,6
2407,4
2408,11
2409,5
2410,13
2411,8
2412,7
2413,5
2414,5
2415,6
2416,8
2417,6
2418,5
2419,6
2420,7
2421,10
2422,5
2423,4
2424,8
2425,12
2426,8
2427,9
2428,4
2429,8
2430,5
2431,8
2432,6
2433,9
2434,9
2435,8
2436,6
2437,9
2438,2
2439,10
2440,7
2441,1
2442,11
2443,6
2444,4
2445,8
2446,5
2447,4
2448,12
2449,11
2450,9
2451,3
2452,6
2453,-5
2454,6
2455,7
2456,9
2457,5
2458,5
2459,0
2460,11
2461,6
2462,7
2463,4
2464,6
2465,9
2466,7
2467,7
2468,5
2469,11
2470,9
2471,6
2472,5
2473,6
2474,8
2475,10
2476,12
2477,9
2478,6
2479,12
2480,5
2481,6
2482,5
2483,4
2484,4
2485,8
2486,6
2487,7
2488,8
2489,-7
2490,6
2491,5
2492,9
2493,11
2494,9
2495,11
2496,5
2497,10
2498,9
2499,9
2500,8
2501,10
2502,12
2503,15
2504,7
2505,2
2506,7
2507,8
2508,10
2509,15
2510,5
2511,12
2512,11
2513,9
2514,14
2515,6
2516,10
2517,-2
2518,4
2519,8
2520,6
2521,5
2522,10
2523,8
2524,7
2525,6
2526,9
2527,7
2528,3
2529,10
2530,5
2531,4
2532,10
2533,10
2534,9
2535,7
2536,8
2537,4
2538,4
2539,11
2540,4
2541,1
2542,4
2543,6
2544,10
2545,8
2546,6
2547,7
2548,11
2549,11
2550,7
2551,8
2552,7
2553,4
2554,10
2555,5
2556,-3
2557,8
2558,7
2559,6
2560,4
2561,11
2562,9
2563,8
2564,5
2565,7
2566,8
2567,5
2568,3
2569,9
2570,8
2571,10
2572,3
2573,9
2574,7
2575,7
2576,5
2577,5
2578,-4
2579,10
2580,6
2581,8
2582,5
2583,10
2584,6
2585,8
2586,10
2587,9
2588,10
2589,8
2590,4
2591,6
2592,10
2593,8
2594,14
2595,6
2596,9
2597,7
2598,9
2599,7
2600,8
2601,4
2602,10
2603,5
2604,12
2605,3
2606,10
2607,12
2608,11
2609,6
2610,6
2611,10
2612,10
2613,5
2614,8
2615,11
2616,9
2617,6
2618,8
2619,11
2620,10
2621,7
2622,9
2623,9
2624,10
2625,4
2626,6
2627,6
2628,4
2629,6
2630,6
2631,7
2632,8
2633,10
2634,12
2635,5
2636,11
2637,10
2638,10
2639,5
2640,11
2641,5
2642,4
2643,3
2644,11
2645,5
2646,8
2647,8
2648,10
2649,10
2650,5
2651,9
2652,9
2653,8
2654,6
2655,3
2656,9
2657,7
2658,7
2659,5
2660,7
2661,11
2662,5
2663,8
2664,-6
2665,5
2666,10
2667,4
2668,6
2669,5
2670,7
2671,7
2672,9
2673,5
2674,5
2675,-2
2676,7
2677,6
2678,7
2679,8
2680,5
2681,9
2682,5
2683,10
2684,6
2685,5
2686,10
2687,5
2688,7
2689,10
2690,8
2691,8
2692,6
2693,10
2694,10
2695,3
2696,13
2697,7
2698,4
2699,13
2700,6
2701,8
2702,13
2703,7
2704,11
2705,12
2706,6
2707,4
2708,10
2709,5
2710,8
2711,6
2712,11
2713,7
2714,6
2715,-1
2716,14
2717,8
2718,9
2719,12
2720,12
2721,9
2722,8
2723,11
2724,8
2725,7
2726,10
2727,8
2728,11
2729,9
2730,7
2731,13
2732,10
2733,5
2734,8
2735,11
2736,5
2737,6
2738,13
2739,9
2740,10
2741,5
2742,6
2743,4
2744,9
2745,6
2746,1
2747,13
2748,10
2749,7
2750,11
2751,9
2752,10
2753,7
2754,7
2755,8
2756,8
2757,4
2758,4
2759,9
2760,10
2761,5
2762,8
2763,7
2764,8
2765,9
2766,7
2767,7
2768,10
2769,7
2770,8
2771,8
2772,5
2773,11
2774,10
2775,7
2776,12
2777,9
2778,-5
2779,10
2780,4
2781,6
2782,5
2783,4
2784,5
2785,4
2786,8
2787,13
2788,6
2789,10
2790,7
2791,5
2792,12
2793,11
2794,9
2795,9
2796,7
2797,4
2798,6
2799,12
2800,10
2801,15
2802,9
2803,4
2804,8
2805,15
2806,7
2807,10
2808,10
2809,9
2810,11
2811,3
2812,13
2813,12
2814,9
2815,12
2816,9
2817,8
2818,5
2819,9
2820,-2
2821,8
2822,5
2823,9
2824,8
2825,11
2826,2
2827,6
2828,10
2829,8
2830,8
2831,4
2832,11
2833,8
2834,9
2835,5
2836,7
2837,8
2838,5
2839,7
2840,5
2841,10
2842,12
2843,4
2844,-4
2845,9
2846,10
2847,7
2848,-15
2849,5
2850,7
2851,2
2852,6
2853,11
2854,5
2855,5
2856,10
2857,4
2858,9
2859,7
2860,12
2861,5
2862,14
2863,9
2864,5
2865,10
2866,7
2867,11
2868,7
2869,6
2870,13
2871,14
2872,5
2873,4
2874,2
2875,7
2876,6
2877,10
2878,7
2879,7
2880,10
2881,9
2882,7
2883,8
2884,10
2885,8
2886,8
2887,4
2888,7
2889,9
2890,8
2891,5
2892,7
2893,6
2894,8
2895,4
2896,5
2897,6
2898,11
2899,5
2900,5
2901,7
2902,11
2903,4
2904,6
2905,9
2906,5
2907,9
2908,3
2909,10
2910,8
2911,10
2912,6
2913,8
2914,9
2915,12
2916,5
2917,10
2918,7
2919,7
2920,10
2921,10
2922,10
2923,15
2924,10
2925,5
2926,10
2927,6
2928,5
2929,11
2930,8
2931,9
2932,9
2933,3
2934,10
2935,6
2936,8
2937,11
2938,8
2939,4
2940,12
2941,9
2942,6
2943,4
2944,8
2945,15
2946,4
2947,6
2948,9
2949,8
2950,8
2951,8
2952,-5
2953,6
2954,10
2955,6
2956,11
2957,10
2958,10
2959,10
2960,7
2961,8
2962,6
2963,9
2964,9
2965,5
2966,4
2967,9
2968,9
2969,4
2970,7
2971,-3
2972,3
2973,8
2974,8
2975,9
2976,7
2977,5
2978,9
2979,7
2980,8
2981,8
2982,10
2983,6
2984,10
2985,10
2986,3
2987,9
2988,9
2989,5
2990,9
2991,7
2992,12
2993,5
2994,11
2995,7
2996,5
2997,10
2998,10
2999,11
3000,9
3001,11
3002,-5
3003,5
3004,5
3005,4
3006,8
3007,4
3008,6
3009,3
3010,7
3011,11
3012,-5
3013,8
3014,13
3015,8
3016,4
3017,4
3018,13
3019,5
3020,3
3021,5
3022,8
3023,6
3024,12
3025,8
3026,7
3027,10
3028,12
3029,6
3030,4
3031,9
3032,13
3033,7
3034,8
3035,7
3036,8
3037,7
3038,7
3039,12
3040,5
3041,9
3042,5
3043,8
3044,3
3045,10
3046,4
3047,10
3048,8
3049,7
3050,6
3051,6
3052,6
3053,8
3054,8
3055,5
3056,7
3057,10
3058,4
3059,5
3060,5
3061,9
3062,8
3063,7
3064,12
3065,8
3066,9
3067,5
3068,3
3069,7
3070,11
3071,7
3072,9
3073,9
3074,11
3075,9
3076,7
3077,14
3078,-3
3079,13
3080,9
3081,8
3082,4
3083,8
3084,8
3085,11
3086,8
3087,8
3088,12
3089,4
3090,10
3091,7
3092,5
3093,6
3094,11
3095,9
3096,8
3097,5
3098,4
3099,8
3100,6
3101,5
3102,15
3103,13
3104,8
3105,5
3106,4
3107,12
3108,8
3109,5
3110,6
3111,12
3112,6
3113,6
3114,9
3115,11
3116,7
3117,7
3118,8
3119,7
3120,15
3121,12
3122,5
3123,4
3124,3
3125,7
3126,4
3127,8
3128,6
3129,7
3130,6
3131,7
3132,13
3133,8
3134,10
3135,7
3136,7
3137,9
3138,8
3139,9
3140,12
3141,1
3142,8
3143,4
3144,11
3145,14
3146,10
3147,10
3148,11
3149,6
3150,13
3151,12
3152,10
3153,-4
3154,13
3155,4
3156,12
3157,10
3158,7
3159,8
3160,6
3161,12
3162,9
3163,6
3164,10
3165,6
3166,7
3167,8
3168,7
3169,6
3170,7
3171,4
3172,5
3173,13
3174,8
3175,14
3176,11
3177,9
3178,8
3179,8
3180,9
3181,13
3182,3
3183,8
3184,7
3185,6
3186,7
3187,5
3188,4
3189,11
3190,13
3191,10
3192,4
3193,8
3194,9
3195,8
3196,14
3197,8
3198,7
3199,10
3200,4
3201,9
3202,4
3203,5
3204,3
3205,6
3206,12
3207,5
3208,9
3209,6
3210,11
3211,8
3212,13
3213,8
3214,10
3215,-4
3216,10
3217,9
3218,3
3219,5
3220,8
3221,6
3222,7
3223,5
3224,4
3225,10
3226,5
3227,9
3228,7
3229,12
3230,8
3231,11
3232,8
3233,12
3234,10
3235,9
3236,4
3237,13
3238,12
3239,11
3240,5
3241,9
3242,6
3243,13
3244,6
3245,8
3246,9
3247,10
3248,10
3249,-3
3250,12
3251,9
3252,5
3253,11
3254,4
3255,3
3256,8
3257,9
3258,15
3259,10
3260,7
3261,4
3262,8
3263,4
3264,4
3265,12
3266,10
3267,8
3268,8
3269,9
3270,9
3271,9
3272,7
3273,13
3274,11
3275,10
3276,-2
3277,9
3278,8
3279,8
3280,8
3281,6
3282,14
3283,4
3284,4
3285,7
3286,11
3287,6
3288,6
3289,2
3290,6
3291,10
3292,11
3293,11
3294,14
3295,8
3296,4
3297,7
3298,11
3299,11
3300,6
3301,8
3302,6
3303,7
3304,12
3305,-5
3306,-6
3307,8
3308,4
3309,5
3310,5
3311,10
3312,8
3313,9
3314,8
3315,11
3316,6
3317,4
3318,8
3319,2
3320,11
3321,12
3322,4
3323,7
3324,9
3325,5
3326,9
3327,10
3328,7
3329,5
3330,9
3331,6
3332,3
3333,11
3334,4
3335,11
3336,4
3337,13
3338,12
3339,11
3340,8
3341,10
3342,10
3343,8
3344,5
3345,5
3346,7
3347,2
3348,6
3349,7
3350,6
3351,5
3352,8
3353,5
3354,11
3355,1
3356,5
3357,4
3358,9
3359,8
3360,12
3361,5
3362,6
3363,4
3364,3
3365,9
3366,9
3367,8
3368,5
3369,12
3370,7
3371,9
3372,8
3373,7
3374,9
3375,9
3376,11
3377,4
3378,3
3379,11
3380,5
3381,7
3382,9
3383,8
3384,10
3385,4
3386,9
3387,10
3388,5
3389,12
3390,5
3391,10
3392,7
3393,6
3394,3
3395,9
3396,6
3397,10
3398,9
3399,9
3400,6
3401,5
3402,11
3403,7
3404,4
3405,7
3406,4
3407,11
3408,3
3409,5
3410,8
3411,8
3412,13
3413,14
3414,11
3415,8
3416,5
3417,10
3418,4
3419,9
3420,8
3421,5
3422,9
3423,9
3424,7
3425,6
3426,1
3427,4
3428,4
3429,1
3430,6
3431,10
3432,5
3433,7
3434,11
3435,7
3436,10
3437,7
3438,7
3439,7
3440,4
3441,8
3442,10
3443,4
3444,6
3445,6
3446,12
3447,6
3448,5
3449,7
3450,7
3451,3
3452,12
3453,9
3454,6
3455,3
3456,5
3457,10
3458,7
3459,8
3460,6
3461,3
3462,11
3463,7
3464,11
3465,7
3466,5
3467,10
3468,9
3469,9
3470,5
3471,11
3472,10
3473,-7
3474,5
3475,5
3476,9
3477,6
3478,7
3479,10
3480,10
3481,5
3482,10
3483,10
3484,10
3485,7
3486,10
3487,5
3488,4
3489,11
3490,5
3491,6
3492,10
3493,8
3494,6
3495,12
3496,7
3497,6
3498,9
3499,-5
3500,7
3501,8
3502,11
3503,8
3504,5
3505,5
3506,13
3507,9
3508,-5
3509,12
3510,9
3511,6
3512,8
3513,7
3514,7
3515,4
3516,4
3517,10
3518,12
3519,5
3520,11
3521,7
3522,8
3523,12
3524,9
3525,13
3526,5
3527,10
3528,3
3529,9
3530,10
3531,6
3532,7
3533,5
3534,12
3535,7
3536,9
3537,7
3538,-6
3539,3
3540,11
3541,3
3542,5
3543,6
3544,7
3545,7
3546,7
3547,7
3548,12
3549,12
3550,-3
3551,7
3552,14
3553,6
3554,11
3555,9
3556,4
3557,11
3558,6
3559,8
3560,6
3561,8
3562,9
3563,8
3564,9
3565,7
3566,7
3567,11
3568,7
3569,9
3570,9
3571,9
3572,15
3573,8
3574,9
3575,5
3576,7
3577,5
3578,8
3579,11
3580,8
3581,5
3582,7
3583,9
3584,4
3585,7
3586,6
3587,7
3588,9
3589,4
3590,6
3591,8
3592,7
3593,10
3594,9
3595,11
3596,11
3597,12
3598,8
3599,9
3600,3
3601,5
3602,9
3603,9
3604,5
3605,9
3606,11
3607,6
3608,11
3609,3
3610,9
3611,4
3612,10
3613,9
3614,4
3615,5
3616,5
3617,6
3618,4
3619,7
3620,5
3621,5
3622,13
3623,10
3624,10
3625,5
3626,8
3627,3
3628,7
3629,9
3630,11
3631,5
3632,10
3633,6
3634,11
3635,15
3636,5
3637,8
3638,12
3639,5
3640,6
3641,11
3642,12
3643,12
3644,9
3645,9
3646,6
3647,-5
3648,6
3649,13
3650,9
3651,10
3652,3
3653,4
3654,8
3655,11
3656,8
3657,12
3658,7
3659,11
3660,6
3661,6
3662,5
3663,9
3664,6
3665,13
3666,3
3667,10
3668,9
3669,8
3670,11
3671,3
3672,8
3673,11
3674,10
3675,5
3676,7
3677,8
3678,6
3679,7
3680,10
3681,4
3682,10
3683,6
3684,9
3685,5
3686,8
3687,11
3688,3
3689,5
3690,-5
3691,7
3692,8
3693,8
3694,4
3695,4
3696,5
3697,9
3698,8
3699,-6
3700,7
3701,7
3702,9
3703,8
3704,6
3705,8
3706,9
3707,3
3708,4
3709,8
3710,8
3711,9
3712,9
3713,8
3714,6
3715,8
3716,11
3717,5
3718,5
3719,5
3720,9
3721,7
3722,1
3723,11
3724,8
3725,9
3726,10
3727,10
3728,7
3729,8
3730,5
3731,9
3732,9
3733,10
3734,9
3735,10
3736,4
3737,8
3738,-7
3739,5
3740,-1
3741,10
3742,5
3743,5
3744,6
3745,9
3746,4
3747,11
3748,3
3749,5
3750,7
3751,7
3752,7
3753,9
3754,11
3755,10
3756,8
3757,4
3758,11
3759,11
3760,9
3761,8
3762,8
3763,8
3764,8
3765,10
3766,7
3767,4
3768,4
3769,11
3770,5
3771,7
3772,13
3773,9
3774,6
3775,7
3776,7
3777,5
3778,9
3779,12
3780,5
3781,4
3782,10
3783,2
3784,5
3785,5
3786,9
3787,7
3788,9
3789,10
3790,4
3791,11
3792,6
3793,12
3794,10
3795,9
3796,5
3797,10
3798,8
3799,6
3800,10
3801,7
3802,9
3803,8
3804,10
3805,7
3806,-1
3807,9
3808,15
3809,6
3810,11
3811,10
3812,6
3813,8
3814,9
3815,8
3816,6
3817,11
3818,9
3819,-7
3820,8
3821,8
3822,11
3823,5
3824,9
3825,5
3826,12
3827,9
3828,7
3829,12
3830,7
3831,11
3832,8
3833,5
3834,7
3835,5
3836,7
3837,-2
3838,8
3839,8
3840,6
3841,4
3842,7
3843,8
3844,10
3845,9
3846,7
3847,11
3848,13
3849,12
3850,12
3851,3
3852,13
3853,9
3854,15
3855,7
3856,7
3857,4
3858,5
3859,10
3860,4
3861,7
3862,8
3863,6
3864,5
3865,9
3866,8
3867,-1
3868,8
3869,9
3870,5
3871,7
3872,5
3873,5
3874,5
3875,8
3876,5
3877,5
3878,-5
3879,6
3880,1
3881,10
3882,13
3883,-4
3884,8
3885,11
3886,7
3887,8
3888,5
3889,7
3890,5
3891,0
3892,6
3893,9
3894,9
3895,7
3896,4
3897,14
3898,13
3899,8
3900,5
3901,5
3902,10
3903,12
3904,4
3905,8
3906,10
3907,6
3908,7
3909,2
3910,8
3911,8
3912,9
3913,7
3914,5
3915,9
3916,5
3917,10
3918,-2
3919,9
3920,9
3921,4
3922,7
3923,4
3924,13
3925,5
3926,8
3927,13
3928,13
3929,6
3930,10
3931,8
3932,9
3933,7
3934,6
3935,7
3936,4
3937,9
3938,8
3939,12
3940,11
3941,10
3942,9
3943,8
3944,5
3945,13
3946,8
3947,12
3948,-1
3949,8
3950,10
3951,5
3952,6
3953,8
3954,11
3955,11
3956,3
3957,12
3958,3
3959,5
3960,3
3961,9
3962,12
3963,3
3964,5
3965,11
3966,8
3967,4
3968,12
3969,10
3970,8
3971,4
3972,9
3973,10
3974,4
3975,7
3976,11
3977,10
3978,5
3979,7
3980,11
3981,9
3982,11
3983,12
3984,4
3985,5
3986,6
3987,11
3988,4
3989,7
3990,6
3991,6
3992,4
3993,8
3994,3
3995,12
3996,11
3997,10
3998,2
3999,8
4000,4
4001,13
4002,7
4003,10
4004,7
4005,11
4006,7
4007,12
4008,13
4009,4
4010,11
4011,8
4012,10
4013,11
4014,11
4015,10
4016,7
4017,10
4018,9
4019,9
4020,10
4021,4
4022,7
4023,9
4024,6
4025,8
4026,9
4027,6
4028,10
4029,8
4030,7
4031,9
4032,6
4033,6
4034,5
4035,12
4036,3
4037,9
4038,7
4039,8
4040,7
4041,7
4042,6
4043,7
4044,7
4045,8
4046,11
4047,8
4048,7
4049,8
4050,9
4051,7
4052,8
4053,4
4054,12
4055,9
4056,7
4057,9
4058,4
4059,-1
4060,7
4061,5
4062,11
4063,8
4064,4
4065,14
4066,4
4067,7
4068,13
4069,6
4070,7
4071,7
4072,8
4073,5
4074,9
4075,3
4076,4
4077,10
4078,10
4079,8
4080,11
4081,10
4082,11
4083,9
4084,7
4085,8
4086,-5
4087,8
4088,-4
4089,4
4090,12
4091,6
4092,8
4093,11
4094,10
4095,9
4096,7
4097,7
4098,12
4099,7
4100,7
4101,14
4102,9
4103,6
4104,8
4105,6
4106,6
4107,10
4108,8
4109,9
4110,5
4111,12
4112,10
4113,9
4114,10
4115,7
4116,8
4117,6
4118,8
4119,5
4120,11
4121,9
4122,8
4123,6
4124,12
4125,7
4126,14
4127,3
4128,5
4129,4
4130,3
4131,6
4132,8
4133,4
4134,7
4135,8
4136,4
4137,6
4138,11
4139,10
4140,8
4141,9
4142,5
4143,7
4144,9
4145,7
4146,13
4147,4
4148,9
4149,9
4150,12
4151,14
4152,7
4153,8
4154,10
4155,10
4156,6
4157,6
4158,8
4159,-1
4160,5
4161,6
4162,12
4163,10
4164,10
4165,6
4166,14
4167,7
4168,10
4169,7
4170,4
4171,-5
4172,3
4173,5
4174,9
4175,11
4176,-5
4177,3
4178,9
4179,6
4180,9
4181,7
4182,11
4183,5
4184,10
4185,-2
4186,7
4187,7
4188,9
4189,6
4190,12
4191,11
4192,10
4193,9
4194,10
4195,4
4196,8
4197,10
4198,7
4199,8
4200,9
4201,6
4202,8
4203,6
4204,8
4205,7
4206,10
4207,9
4208,7
4209,4
4210,7
4211,6
4212,15
4213,8
4214,9
4215,11
4216,13
4217,2
4218,7
4219,7
4220,11
4221,6
4222,9
4223,5
4224,4
4225,11
4226,4
4227,4
4228,9
4229,9
4230,6
4231,9
4232,9
4233,7
4234,8
4235,2
4236,8
4237,4
4238,4
4239,10
4240,6
4241,3
4242,4
4243,4
4244,9
4245,4
4246,4
4247,5
4248,14
4249,12
4250,10
4251,10
4252,11
4253,11
4254,5
4255,11
4256,12
4257,7
4258,3
4259,8
4260,11
4261,5
4262,11
4263,6
4264,4
4265,10
4266,5
4267,8
4268,9
4269,6
4270,9
4271,10
4272,5
4273,12
4274,7
4275,9
4276,13
4277,7
4278,7
4279,6
4280,11
4281,12
4282,7
4283,13
4284,15
4285,7
4286,7
4287,10
4288,8
4289,4
4290,8
4291,8
4292,10
4293,4
4294,7
4295,4
4296,8
4297,5
4298,4
4299,6
4300,7
4301,9
4302,9
4303,5
4304,5
4305,4
4306,4
4307,10
4308,6
4309,13
4310,14
4311,12
4312,10
4313,9
4314,4
4315,5
4316,4
4317,9
4318,11
4319,7
4320,7
4321,6
4322,11
4323,10
4324,12
4325,4
4326,6
4327,4
4328,7
4329,11
4330,8
4331,3
4332,7
4333,10
4334,8
4335,5
4336,5
4337,3
4338,11
4339,11
4340,6
4341,5
4342,9
4343,10
4344,11
4345,5
4346,6
4347,7
4348,6
4349,4
4350,6
4351,4
4352,6
4353,10
4354,9
4355,5
4356,4
4357,4
4358,11
4359,7
4360,10
4361,10
4362,5
4363,10
4364,9
4365,8
4366,8
4367,13
4368,5
4369,6
4370,6
4371,9
4372,12
4373,9
4374,11
4375,7
4376,9
4377,10
4378,6
4379,8
4380,6
4381,5
4382,9
4383,5
4384,10
4385,8
4386,7
4387,9
4388,9
4389,7
4390,7
4391,11
4392,10
4393,1
4394,6
4395,6
4396,5
4397,10
4398,6
4399,13
4400,9
4401,5
4402,9
4403,10
4404,10
4405,9
4406,9
4407,9
4408,10
4409,5
4410,10
4411,5
4412,7
4413,4
4414,4
4415,4
4416,8
4417,7
4418,8
4419,7
4420,5
4421,5
4422,11
4423,7
4424,6
4425,7
4426,8
4427,4
4428,6
4429,4
4430,10
4431,7
4432,3
4433,5
4434,6
4435,10
4436,6
4437,5
4438,4
4439,5
4440,7
4441,8
4442,9
4443,10
4444,9
4445,8
4446,11
4447,9
4448,8
4449,8
4450,12
4451,6
4452,8
4453,9
4454,6
4455,9
4456,4
4457,3
4458,9
4459,8
4460,7
4461,5
4462,5
4463,12
4464,8
4465,11
4466,11
4467,8
4468,5
4469,6
4470,11
4471,6
4472,-7
4473,9
4474,7
4475,10
4476,8
4477,10
4478,8
4479,11
4480,9
4481,7
4482,6
4483,5
4484,12
4485,9
4486,13
4487,11
4488,9
4489,6
4490,13
4491,12
4492,10
4493,7
4494,14
4495,9
4496,11
4497,9
4498,7
4499,5
4500,5
4501,14
4502,6
4503,13
4504,9
4505,3
4506,6
4507,8
4508,11
4509,10
4510,10
4511,10
4512,5
4513,6
4514,7
4515,4
4516,5
4517,7
4518,7
4519,6
4520,-6
4521,3
4522,7
4523,11
4524,3
4525,6
4526,14
4527,8
4528,5
4529,4
4530,7
4531,6
4532,8
4533,9
4534,8
4535,9
4536,11
4537,9
4538,8
4539,9
4540,5
4541,5
4542,5
4543,-4
4544,11
4545,8
4546,3
4547,8
4548,11
4549,6
4550,8
4551,7
4552,9
4553,6
4554,13
4555,7
4556,6
4557,8
4558,4
4559,13
4560,9
4561,7
4562,8
4563,15
4564,8
4565,9
4566,8
4567,9
4568,9
4569,5
4570,10
4571,5
4572,12
4573,8
4574,8
4575,10
4576,5
4577,8
4578,5
4579,4
4580,8
4581,-3
4582,11
4583,6
4584,13
4585,11
4586,4
4587,8
4588,13
4589,8
4590,9
4591,6
4592,6
4593,8
4594,6
4595,11
4596,4
4597,9
4598,5
4599,7
4600,8
4601,5
4602,10
4603,4
4604,8
4605,4
4606,8
4607,6
4608,5
4609,6
4610,11
4611,-3
4612,6
4613,15
4614,4
4615,6
4616,7
4617,5
4618,7
4619,4
4620,8
4621,-6
4622,3
4623,5
4624,-5
4625,4
4626,7
4627,7
4628,-6
4629,10
4630,6
4631,3
4632,4
4633,10
4634,6
4635,11
4636,5
4637,8
4638,7
4639,10
4640,11
4641,5
4642,5
4643,14
4644,6
4645,3
4646,8
4647,6
4648,6
4649,11
4650,7
4651,8
4652,9
4653,10
4654,5
4655,10
4656,8
4657,7
4658,10
4659,7
4660,10
4661,-2
4662,4
4663,9
4664,11
4665,0
4666,7
4667,8
4668,5
4669,3
4670,3
4671,10
4672,7
4673,5
4674,5
4675,7
4676,8
4677,11
4678,4
4679,6
4680,5
4681,4
4682,6
4683,-5
4684,11
4685,9
4686,8
4687,8
4688,5
4689,9
4690,4
4691,9
4692,8
4693,8
4694,12
4695,10
4696,-5
4697,11
4698,9
4699,8
4700,3
4701,4
4702,7
4703,10
4704,-6
4705,6
4706,2
4707,11
4708,5
4709,6
4710,7
4711,5
4712,4
4713,8
4714,5
4715,5
4716,7
4717,6
4718,5
4719,6
4720,10
4721,5
4722,6
4723,9
4724,10
4725,5
4726,12
4727,7
4728,9
4729,4
4730,8
4731,7
4732,10
4733,5
4734,5
4735,9
4736,10
4737,6
4738,8
4739,11
4740,9
4741,10
4742,7
4743,7
4744,7
4745,13
4746,9
4747,11
4748,6
4749,7
4750,10
4751,10
4752,7
4753,4
4754,9
4755,10
4756,-3
4757,7
4758,5
4759,11
4760,11
4761,5
4762,4
4763,4
4764,4
4765,8
4766,5
4767,7
4768,7
4769,8
4770,11
4771,5
4772,9
4773,8
4774,7
4775,4
4776,6
4777,9
4778,4
4779,7
4780,8
4781,12
4782,7
4783,3
4784,9
4785,10
4786,11
4787,12
4788,8
4789,10
4790,9
4791,4
4792,7
4793,7
4794,8
4795,9
4796,7
4797,-2
4798,8
4799,10
4800,8
4801,7
4802,11
4803,12
4804,15
4805,3
4806,4
4807,9
4808,9
4809,8
4810,8
4811,6
4812,10
4813,5
4814,10
4815,5
4816,8
4817,12
4818,6
4819,9
4820,8
4821,10
4822,3
4823,10
4824,7
4825,7
4826,11
4827,6
4828,6
4829,5
4830,12
4831,9
4832,5
4833,8
4834,11
4835,6
4836,11
4837,9
4838,9
4839,10
4840,1
4841,10
4842,6
4843,5
4844,7
4845,9
4846,12
4847,5
4848,8
4849,12
4850,11
4851,8
4852,5
4853,-5
4854,4
4855,4
4856,3
4857,5
4858,8
4859,10
4860,5
4861,7
4862,6
4863,9
4864,8
4865,7
4866,10
4867,5
4868,4
4869,6
4870,8
4871,8
4872,4
4873,3
4874,6
4875,9
4876,6
4877,-5
4878,5
4879,7
4880,9
4881,8
4882,9
4883,9
4884,11
4885,3
4886,10
4887,4
4888,2
4889,4
4890,8
4891,9
4892,10
4893,7
4894,4
4895,6
4896,13
4897,8
4898,8
4899,7
4900,5
4901,9
4902,8
4903,13
4904,1
4905,9
4906,7
4907,2
4908,8
4909,10
4910,12
4911,7
4912,8
4913,7
4914,9
4915,6
4916,11
4917,7
4918,10
4919,7
4920,4
4921,8
4922,11
4923,-3
4924,5
4925,11
4926,7
4927,11
4928,6
4929,5
4930,7
4931,5
4932,11
4933,4
4934,8
4935,14
4936,7
4937,4
4938,-4
4939,12
4940,-3
4941,10
4942,4
4943,9
4944,3
4945,8
4946,8
4947,5
4948,11
4949,8
4950,10
4951,5
4952,9
4953,-4
4954,7
4955,10
4956,10
4957,8
4958,10
4959,7
4960,10
4961,10
4962,10
4963,10
4964,3
4965,11
4966,4
4967,8
4968,6
4969,5
4970,11
4971,10
4972,6
4973,4
4974,-2
4975,7
4976,8
4977,3
4978,5
4979,4
4980,8
4981,4
4982,4
4983,4
4984,4
4985,5
4986,6
4987,8
4988,12
4989,6
4990,9
4991,8
4992,7
4993,6
4994,4
4995,-4
4996,-2
4997,9
4998,7
4999,9
5000,5
