state,action_0,action_1,action_2,action_3,action_4,action_5
0,0.0,0.0,0.0,0.0,0.0,0.0
1,-16.25049556074692,-6.106575227861173,-6.700696425159526,-5.273886948017476,7.3012137083135435,-16.105122613300438
2,-11.051678460347492,-11.688225182887983,11.49291496766465,13.524349648359523,17.161584063999996,-3.980240757193068
3,-3.451003133958938,-2.7926734136159053,-1.9563398451976026,6.895932545703237,9.64817666202588,-13.49345848126809
4,-25.89467848631291,-25.99508609258616,-9.65510320099127,-26.13128483597908,-28.54793068350425,-28.541976032653587
5,0.0,0.0,0.0,0.0,0.0,0.0
6,-9.898540727872065,-29.692243894862393,-30.042754558486205,-30.96347808934273,-45.29917095977773,-32.917028836576236
7,-3.755289001227395,-23.54067027437538,-24.49443601480413,-22.78052563102118,-32.25266314527405,-33.94650457813664
8,7.716437775446552,-18.650152860988037,-19.938861233776066,-18.595100723424597,-27.718101203484093,-25.199549916815766
9,-1.5174413504055717,-15.970658399737314,-21.470303481230758,-22.0167112798713,-30.607612151719607,-30.49247249044112
10,0.0,0.0,0.0,0.0,0.0,0.0
11,0.8477095661674294,-23.71940063668852,-23.356354646592976,-23.79460671359326,-25.095739741112276,-32.612170548483945
12,-25.386012404065028,-24.988498312824678,-16.64963037107821,-24.61798866837885,-31.773804371993464,-31.773804437074332
13,-0.9217949230813071,-25.430855318564966,-25.53187188283877,-23.888401662661646,-33.83886419825971,-33.75073680783618
14,-5.44662998430837,-23.611665156153936,-25.404303137752006,-24.884198196106677,-32.1087193108713,-32.10872534437463
15,0.0,0.0,0.0,0.0,0.0,0.0
16,24.651991643124997,27.399816875,17.842001526540077,27.3315,9.376499999999998,30.0
17,9.49103439623831,-15.216435562968751,-14.873119837814214,-4.6607420331208225,-11.133110677452446,-4.275718545291453
18,19.552636799999995,15.483674108165742,10.14449470718429,16.852811405454155,-6.3618357173867395,12.859208399805393
19,11.885894553087633,1.2562330922335776,3.065711696676656,-14.707851833099888,-12.698346938297778,6.332893904277176
20,0.0,0.0,0.0,0.0,0.0,0.0
21,-19.11398404028214,-17.785286501719476,-18.933033297418255,5.128995845740428,-30.340728152634018,-24.08076754445451
22,-14.386128096014593,-14.202556277379896,-12.604255916744147,11.753537793182852,-26.488250828348665,-26.526857846772472
23,1.9945890523613783,-17.629995432514708,-17.28723375797029,7.455213035917294,-19.19,-22.347351837500003
24,-7.398523122993847,-25.465832136348745,-26.17157105979537,-25.999568501741035,-28.441136237550708,-28.44122636849386
25,0.0,0.0,0.0,0.0,0.0,0.0
26,-7.498439116824413,-29.619650088596824,-30.197876352824867,-12.466701414115716,-30.322130778124404,-32.612779341725464
27,-1.1737062803907816,-24.960672189542368,-25.546144366518135,-14.57645493641293,-29.505042253722674,-33.10734817993688
28,5.593638816940684,-19.035697200665897,-19.902593596975944,-19.6540621842677,-27.871834676587923,-27.87238206718162
29,-21.757917376498515,-21.52908398754077,-20.37270050965739,-3.726805287305711,-32.76058194548907,-35.911316607388024
30,0.0,0.0,0.0,0.0,0.0,0.0
31,-10.663992168513078,-23.77144362837416,-22.321260598434726,-1.1686804626207536,-27.86611819949473,-27.867089372421024
32,-12.409645882545894,-25.421726112502135,-27.392856221370785,-25.392658636739235,-35.42613984726618,-32.79796352083967
33,0.9379371229605096,-23.29760257520245,-24.791715094926424,-23.969506799027968,-30.00977732398595,-31.003834178698124
34,-3.2833918754192437,-25.404385572137407,-27.102936367326986,-26.9154813118338,-32.130112662547305,-30.918695132010374
35,0.0,0.0,0.0,0.0,0.0,0.0
36,20.90773067208008,-2.09,0.0,0.0,0.0,0.0
37,8.542679276143437,-14.46677885953658,-14.133631199291253,-12.809985422031556,-23.076991949155406,-22.84807
38,15.64543549340715,-10.885951573249352,-10.588455165010933,-10.658721428769676,-19.86669503443368,-19.86669503443368
39,8.034634210910099,-13.934594041942209,-13.934594041942209,-13.987950108533742,-15.061047308219948,-20.994595561511208
40,0.0,0.0,0.0,0.0,0.0,0.0
41,-5.317637393954445,-27.122378918776693,-28.70291501388204,-27.037084331648458,-31.652393728628812,-33.91306665649664
42,-21.16258696035649,-20.303333980705002,-1.0299188246239162,-19.956954560175365,-29.08108118596433,-28.97330627428656
43,-3.197895336117038,-25.891423538331022,-26.07285047918425,-25.872985964653957,-27.758081332765126,-30.378240795309903
44,-20.411680599819842,-20.48095225983027,3.215889659814435,-20.48095229077687,-26.34122648155978,-26.341402309929794
45,0.0,0.0,0.0,0.0,0.0,0.0
46,-20.2748151052466,-20.157487091972236,2.895944053479303,-20.495955107865857,-26.353972358320167,-26.07903255299072
47,-14.332350063263995,1.8069092617153966,10.08678898245848,2.930283170522963,-10.83303928473649,-12.849557749254839
48,3.090848407740008,-23.575129346011025,-23.915528080060128,-23.575140486398247,-31.295814264057483,-31.295487336858308
49,-5.557770830785723,-29.39336890192168,-28.93023087897633,-30.449846517085486,-47.687936329159776,-47.68793577540971
50,0.0,0.0,0.0,0.0,0.0,0.0
51,-3.3567640365171814,-27.26820980765094,-26.78240575492189,-26.54965979722867,-29.33173721474155,-31.498826021573684
52,-22.04183823935218,-13.35201974552617,-1.1337645586696308,-21.919776412306476,-28.615577414185307,-28.61276501859872
53,0.47467083932272314,-19.145413336769256,-20.00784830123934,-20.16128468203947,-31.988972843017297,-28.87024518387515
54,-21.256069809668418,-22.36005936741697,-1.089673261047241,-21.673616987962944,-32.33171980225391,-32.331719802272
55,0.0,0.0,0.0,0.0,0.0,0.0
56,14.563006945893052,6.004183392217172,-11.799270650157728,-11.080532715684473,-19.38,-7.730329526573554
57,-4.6262404578624805,-2.2800000000000002,22.034204593705777,-2.2800000000000002,-19.38,-19.38
58,8.034392054112827,-11.253558742321353,-11.40186879554722,3.4905144770116454,-19.99485291572496,-19.99485291572496
59,13.274446551510053,-10.755353034677753,-9.661405618192404,-10.755353034677753,-19.86669503443368,-20.860029786155366
60,0.0,0.0,0.0,0.0,0.0,0.0
61,-7.333634130166868,-28.767290999065573,-28.302599944115087,-27.870490984509065,-34.41337173833714,-31.98197848066894
62,1.2273590105856402,-19.60631302893568,-22.642390687074023,-20.53281086552266,-30.025966314933008,-27.367037290392258
63,-26.560615604624076,-26.542623032205395,-26.2662364538549,-5.536521792569062,-29.890119240236114,-29.48481822356302
64,-2.2611716371233594,-17.776061343926937,5.383454880750594,-20.419941429472107,-17.38073339085083,-17.04617015895793
65,0.0,0.0,0.0,0.0,0.0,0.0
66,-11.16407053254108,-7.796898694341862,4.998780866209655,-17.710888963255755,-24.080799998359133,-19.072476658528775
67,2.6155629955306874,-11.9772409546713,12.394682635161708,-14.452581943579853,-10.081622406825733,-9.971597437497651
68,-24.02473605934578,-23.915514382170734,-24.364882536370896,1.0107708355403855,-33.94842432585461,-34.20632977322341
69,-7.708971848174581,-30.40600051306054,-30.313814468102883,-29.444522973887857,-43.89654106654335,-29.774829672680614
70,0.0,0.0,0.0,0.0,0.0,0.0
71,-27.599045606359898,-9.020533694825694,-30.652093729672405,-5.72820660187584,-29.455854787464418,-46.40424907247928
72,0.9769665041658843,-20.886940436609702,-20.339736553424647,-21.922908998864695,-28.489612609933218,-28.50476707461517
73,5.715743691875703,-18.958817590232627,-19.19265666572061,-19.921282416163194,-30.093642980286823,-28.86377607988003
74,0.8477311339911111,-20.210921330813946,-20.260996245139886,-19.27311106273145,-31.115793930046006,-31.1158318425925
75,0.0,0.0,0.0,0.0,0.0,0.0
76,4.173243800337611,3.6874863302264544,4.542924069846448,12.15174680697519,-15.863112176215491,-16.32776182671565
77,19.7056430434515,-2.09,27.4,-2.2800000000000002,-20.149500000000003,5.4928999999999935
78,3.1520716322139872,-11.81780890864,1.569876744976034,3.058480259393884,-12.11662381808962,-12.497671921540608
79,16.364328803002493,15.490978399540232,12.270321162641292,-10.742216749162445,-3.4952264464496716,-2.4508246279006505
80,0.0,0.0,0.0,0.0,0.0,0.0
81,-10.689132347435589,-29.193505662267984,-30.03311435873712,-28.53089481065722,-32.99137496821311,-32.992099478249266
82,-21.65599111835305,-21.465982787097523,-21.476550419218484,-7.953138943078966,-25.36768123603979,-25.367693106289533
83,-28.129737508688756,-28.42692577346709,-28.47176769339159,-8.045894021412408,-31.476970293758924,-45.60004797206442
84,-17.648903120670614,-5.027257612450341,-2.16291435665754,-19.011692761971155,7.534137633418974,-15.369300102442763
85,0.0,0.0,0.0,0.0,0.0,0.0
86,-5.623522087070497,-17.62333409730301,-17.623334097172318,-5.199098077572561,7.141613128785362,-16.291545113453925
87,5.626593138229752,6.746014328655402,12.08809021218347,7.565468590213018,14.688451668532355,-7.069050370567875
88,-12.55150927567663,-24.93433030457568,-25.138841730752638,-25.105565595449313,-31.501902635639212,-39.91703941737124
89,-30.831042188909557,-31.711480385341346,-31.69902145983508,-10.245003850409377,-48.1438211270089,-33.05239186845353
90,0.0,0.0,0.0,0.0,0.0,0.0
91,-29.66629628056156,-29.078426947560917,-30.737096794869387,-7.906790159580668,-34.159871778610345,-29.91397818155663
92,-1.1403946456515135,-21.820611502834147,-22.69162711582409,-21.544488861454543,-24.06353730614847,-29.067097951924133
93,-2.015454949762339,-17.55258270950527,-18.912767170311678,-19.258796508861543,-30.62943172718662,-27.997838207966794
94,-19.030655479061892,-18.755012426060937,-18.754688684523884,-1.190628359179021,-31.793356211690554,-31.79353308807655
95,0.0,0.0,0.0,0.0,0.0,0.0
96,0.8982723410312484,2.0432458302931957,-0.6986297750867314,9.728711870835687,-13.457885378922004,-0.3630595561768843
97,24.648424529093745,27.396337499999998,27.326749999999997,24.271999562027727,9.399991124999998,30.0
98,9.32817666202588,-3.8458857324025297,6.246510566167325,-2.1109698004302926,-16.174414552104377,-5.480677845513819
99,17.029032314828935,14.326847489462347,13.298935934390743,11.801317982090993,-24.51891026967717,8.373901930678672
100,0.0,0.0,0.0,0.0,0.0,0.0
101,-8.877314037560668,5.155189434147273,-7.293719281819487,-5.512168814679344,-25.702681938882478,-23.7230915434249
102,8.849903518208299,14.818352382719997,-14.19207793137658,12.356468387615632,-5.634193170536064,-7.461602375101453
103,-6.060721101338889,7.455213128785363,-5.1497265610512475,-3.328243457449465,-15.360791983762118,-24.939751355425695
104,-26.17195474221955,-27.058970253832776,-7.302937128335968,-24.89096066102663,-37.583448981629225,-30.80750280097963
105,0.0,0.0,0.0,0.0,0.0,0.0
106,-22.71367039364338,-28.229237513615644,-7.501453165763532,-29.840807274153008,-45.52278042803777,-47.83702216200181
107,-1.4055425651544144,-21.387362926634957,-21.39090684174894,-21.908884754891467,-31.71424598537753,-34.663206208103524
108,10.092596511415993,-17.088059883504002,-16.51870085314747,-16.37104514909772,-28.646898011023566,-27.61163533033016
109,0.6760834083431366,-17.14030802390442,-21.79555542487957,-20.41330535153157,-33.11301307967132,-30.205564721059176
110,0.0,0.0,0.0,0.0,0.0,0.0
111,3.0894594230755117,-21.465869484412007,-21.53561736949509,-21.642730613675596,-26.84749375813217,-27.97287840058669
112,-24.115826538533906,-23.494667208671082,-3.7523065530098174,-25.06813711803596,-31.874750373919802,-31.87475081426695
113,0.8943128476397589,-25.764371360049964,-22.34872120179954,-23.191444245164533,-30.97616477367411,-30.97903464172794
114,-3.298520674678219,-25.44385148433017,-4.42365692221219,-17.17224029452869,-29.13135224289983,-29.131298129142536
115,0.0,0.0,0.0,0.0,0.0,0.0
116,20.841517999999017,27.4,22.125949065644942,24.78499958215625,6.648769749999993,6.651999979810931
117,3.4705074855726026,6.485622811242426,11.986928242366524,1.1228657571070888,-11.923283715844768,-11.476570579173202
118,22.176159999999996,15.68351361739469,15.704865496818993,18.720531564691242,-19.57,-22.671180000000003
119,14.446965905554691,-13.926378309242695,8.03407344466697,-11.168804641657399,-6.2720405528289485,-9.272807565244028
120,0.0,0.0,0.0,0.0,0.0,0.0
121,-21.29649069458674,-19.00007784725818,-19.819777267193,3.0511757815082765,-26.299765872892085,-26.225692415023147
122,6.217915272028399,-14.219862740310393,7.80734566513339,12.461985335065599,-9.876310248326979,-24.766643909021337
123,-21.621187643715423,5.249060959299034,-19.888430976163786,-18.64186144366902,-28.644100919901238,-24.609315681772664
124,-5.418782536562124,-25.431201973486456,-23.477461724696287,-23.777833149429156,-32.24309177694075,-33.39539620538477
125,0.0,0.0,0.0,0.0,0.0,0.0
126,-5.747403387930796,-27.456166257572182,-28.968326198917715,-27.60255352169374,-35.139948673430695,-28.385155698859162
127,1.1163318239318174,-23.41283824592926,-21.914535385724893,-22.791155719885186,-31.376627739026734,-32.053418567782714
128,7.7490873558016995,1.3921370920632623,-18.20190396519873,-17.78302105037295,-27.66786775534094,-15.130809468471984
129,-20.744635821558763,-6.139246435246754,-22.072793004247526,-22.387757099131115,-28.247635296418714,-30.0877849342983
130,0.0,0.0,0.0,0.0,0.0,0.0
131,-23.524653102848827,-23.237665844950094,-23.683377956756914,0.9481613464765986,-25.56915747408973,-25.568966528306326
132,-1.3462723539217996,-24.84614681768717,-25.137221208045766,-25.12145673590154,-32.26392974687822,-30.08120090435217
133,3.350669579395064,-24.017545839578762,-5.836495859719733,-22.536461950945746,-30.68539383058487,-28.158907011965475
134,-1.0858774371583653,-23.597958116329522,-25.748659270373935,-23.58192514067525,-29.442718103655075,-31.330306563594196
135,0.0,0.0,0.0,0.0,0.0,0.0
136,18.804443554285434,19.17089886172457,21.75743392143222,24.791999999999998,4.18557659564494,2.907713630444387
137,14.474532780994842,-14.01344396636761,4.604249210687134,5.558381402535489,-8.378361655959345,-8.963412872180415
138,18.800174002250014,-10.47027319501422,-7.119778415909216,-8.587485039904362,-19.680416377715993,-19.680416377715993
139,12.588621512652004,-13.882921971263595,6.978318568149479,-12.73061083396854,-19.817527371169078,-19.817527371169078
140,0.0,0.0,0.0,0.0,0.0,0.0
141,-3.488771611752665,-25.23632422560202,-27.393976149984333,-6.516662964509425,-30.37940441661862,-23.627221056160725
142,5.440818406719965,-19.85732269405919,-20.04344022418132,-19.707642623097353,-24.79827684474295,-26.993758417860747
143,-1.3702234767057382,-15.84878397913708,-17.801218126101286,-24.796665320006554,-28.3447359620312,-27.372125284784584
144,-21.379132340692117,-21.074536391745596,1.0607793393539042,-8.436616270956211,-27.183268262675202,-27.183561636575526
145,0.0,0.0,0.0,0.0,0.0,0.0
146,-4.568179761681305,-0.99355543046494,0.6913293372248303,-21.909530405546732,-28.25284269350537,-24.930800914801424
147,-15.580415935671017,7.7650532028994546,-15.246173166024704,-0.8870079360246333,-26.70312081269661,-12.639957179752853
148,5.4135898986732975,-20.304589746399003,-22.83029377707171,-20.25916634993296,-30.986772913571464,-31.348210384009647
149,-3.4587075622660692,-26.53077799486695,-28.115916912801485,-26.356617852833306,-30.60266066757238,-28.57758700217009
150,0.0,0.0,0.0,0.0,0.0,0.0
151,-1.304655007417142,-26.528506996712295,-13.645027126323319,-25.041839733864247,-31.540975058517457,-26.425811407702618
152,-21.790546361962146,-22.072234333385417,0.9831143290268274,-21.99100349193057,-27.445846275081657,-27.44754995903696
153,5.475003875098862,-19.716312014034674,-17.462325891908723,-16.866691393067853,-15.282938920293315,-29.41882905049421
154,-20.115833462138777,-20.662543405583143,1.0385903189048473,-20.133114121511365,-33.515064517758944,-29.670937781936633
155,0.0,0.0,0.0,0.0,0.0,0.0
156,17.045724841600045,10.248277525556619,-7.987882281005496,13.368864365842866,-6.047416731706548,-5.919622092704988
157,-5.025319849657574,-4.4430645,22.205449321881343,-4.749301813025573,-19.49742645786248,-1.9014802654902092
158,12.588621512652004,-10.735674323233603,8.315235567895382,12.508120718588152,-5.479564407344318,-6.153227548868533
159,18.79698343191845,-8.143382263245744,-7.08050500675,-7.5950969299305315,-19.680416377715993,-20.664437196601792
160,0.0,0.0,0.0,0.0,0.0,0.0
161,-26.577122057483137,-26.806564992383247,-21.840216522151803,-5.338595344142288,-32.111058446796235,-29.689772568679327
162,-5.699246325824327,-20.909043465011294,-21.654794473431824,3.325039625969318,-27.297911125123047,-32.26725004221243
163,-3.6053064138159865,-25.348918997187607,-18.29415776886809,-25.88396247460508,-42.802446411232964,-42.898859116737604
164,-10.152794320501938,3.215786139387809,-19.244237989661123,-8.395366238146867,-28.44122618768824,-19.560657503162755
165,0.0,0.0,0.0,0.0,0.0,0.0
166,-12.392592851722686,2.8388052497760925,-19.58435855163717,-11.110946276282299,-31.58753584808791,-21.14506838052909
167,-15.32618120468203,10.086931482446012,-13.244393747293689,-13.208816605874967,-26.281502300750027,-28.78812946706411
168,-23.263584653513075,-23.1843731547058,-26.025297405274877,3.5499032073373056,-32.03022707305561,-31.070422346437976
169,-5.776574791689932,-27.92031394387354,-27.455178973602106,-28.501834908044867,-35.25380898842683,-29.668620346707748
170,0.0,0.0,0.0,0.0,0.0,0.0
171,-27.896614912855473,-27.636023897310395,-27.97271825104789,-3.285660960255366,-31.519824837945862,-29.895827626227113
172,3.0461049960311977,-20.78043723929834,-13.021778671039511,-20.53040944350109,-25.86204650638676,-25.824046462007576
173,7.7653385295930075,-16.90219738076211,-18.746358445357583,-16.303945665834156,-27.90317203740689,-35.110746570848924
174,3.0894594059042473,-16.932510313855754,-19.85095164096548,-20.050556521809586,-28.776961402345258,-28.733563191521448
175,0.0,0.0,0.0,0.0,0.0,0.0
176,-9.727190235767925,-11.878874891571598,-10.472309695773973,9.194514054723292,-19.680416377715993,-19.680416377715993
177,17.116270092795972,24.791999999999998,24.251999999999995,16.575398235967132,4.18605376989581,4.202196870056183
178,14.446965905554691,5.04729541988845,-11.361214579748161,8.03407344466697,-23.634547335182877,-8.746617076556968
179,20.567111560249995,-5.207548499999999,-7.352354390339089,14.50834984074028,-19.57,-0.34227949000000757
180,0.0,0.0,0.0,0.0,0.0,0.0
181,-27.990097004579916,-28.8110515358975,-28.390362101175164,-7.361395134473127,-30.444208531755685,-32.26600632013362
182,-22.07605717660691,-21.47075907412884,-22.523871995154938,1.1417674774942004,-28.120367513535516,-33.34420600556089
183,-28.789653531904765,-28.408034494557338,-27.972863633179525,-6.4785203619457725,-28.607914232647808,-44.78866050672845
184,-18.143553993188142,5.383454876665582,-19.037676699907287,-18.461802189607134,-17.0440052838342,-25.686392347977336
185,0.0,0.0,0.0,0.0,0.0,0.0
186,-11.964564277281504,4.998780866209655,-6.314907470240237,-0.321897209810584,-24.076802985792238,-18.53817974998855
187,1.3574992960742036,12.394682635161708,4.914947796772743,-12.043574350973707,-12.418714725990409,-27.66120932520911
188,-10.767872625598264,-24.933134450794824,-24.479270506811126,-24.388131079793144,-30.535943132320632,-31.671614800871414
189,-29.80689176765828,-30.516315051427018,-22.794458045485126,-8.16866832473873,-31.96069640959116,-38.52297230734307
190,0.0,0.0,0.0,0.0,0.0,0.0
191,-29.316716197760833,-20.457320492829805,-28.723753712173316,-28.587621869606387,-30.054600951847615,-44.9373189897588
192,0.887180494931439,-21.161254821563343,-19.43430369008983,-21.933462379921053,-35.32729101872696,-23.370418091451043
193,5.609735339254967,-19.19287085305541,-16.725246803976948,-16.92750141250439,-30.06155943295519,-25.87289097807649
194,1.0275538819651158,-18.722624108398815,-18.970464596786545,-18.945981639515555,-29.07949195637889,-29.16093420804451
195,0.0,0.0,0.0,0.0,0.0,0.0
196,-12.763649341088199,-16.030529566871124,-13.445813527791291,5.057904357604863,-30.48898974406668,-19.86669503443368
197,21.75878663386725,27.4,24.648657249999996,20.61544419715328,6.587394999999994,6.587394999999994
198,-13.860329491989619,-8.051263491355531,5.231661024060366,11.885894553087633,-24.314558017763897,-20.112421310408777
199,19.61953693656873,-8.19455727589078,-7.216523614687946,-7.192069396071932,-6.18529977640063,-20.716098289593297
200,0.0,0.0,0.0,0.0,0.0,0.0
201,-19.02720716620405,2.9920856454643276,-9.407028639498629,-9.123383004278995,-20.617349373961147,-26.259847588553477
202,-14.697224262122369,12.46212778796177,-16.059799758168605,-15.45615932842531,-31.22465694718471,-9.895911679655063
203,-8.040812963653822,5.246108866209767,-18.906029662879348,-18.776672696461404,-26.523886674313736,-26.504500756947962
204,-23.945726590570093,-21.872404438678803,-5.426123719553395,-25.81140574495265,-33.62574222007227,-28.87061672405547
205,0.0,0.0,0.0,0.0,0.0,0.0
206,-28.17105553990457,-10.62246970356826,-5.764272870554168,-28.221373226675748,-45.57497267469456,-31.44197737524164
207,-24.578177383668333,-23.270269819203744,0.9025207002727743,-23.14428153133459,-32.31822361443345,-36.111706790736314
208,12.461985335065599,4.948562458598352,6.148823849266548,7.739808412357162,-9.131880235151918,-9.13190444123969
209,2.8531395645005464,-12.151325112302754,-20.442906794001217,-9.716020155058782,-31.23475483435083,-31.772322756947027
210,0.0,0.0,0.0,0.0,0.0,0.0
211,5.3157741581127524,-21.267981626465826,-20.134390379385476,-3.5928892280608657,-26.43781014455109,-17.528511338083494
212,-24.103548216310088,-18.376997435679822,-1.3548901115071434,-24.06441225268937,-31.737732111496776,-30.088819526499698
213,-20.347803913677048,-20.2859773227731,3.3495186972679774,-20.2322321347678,-30.938970110345668,-19.863135336363317
214,-22.17142552297923,-24.939542473993825,-1.3063731148142885,-21.921390510808106,-30.592238687219485,-30.469604561559624
215,0.0,0.0,0.0,0.0,0.0,0.0
216,17.55265105999999,24.791999999999998,17.67981677091305,22.155135777249995,3.7011125999999983,1.469611999999994
217,-2.419040780405318,6.5449358287484785,14.474532780994842,10.760844976943805,-6.227675052134578,-20.994595561511208
218,24.791999999999998,19.5447923855779,17.514228739931113,22.171832544999997,2.6265527690749946,2.6265599990961292
219,9.59592262187394,9.240357450006785,17.017595376865195,12.5081207185885,-9.95473509124192,-5.472489748674901
220,0.0,0.0,0.0,0.0,0.0,0.0
221,-4.686088083160921,-20.453071117759055,-12.974770073436401,0.8122439325550408,-19.532685523642268,-25.88104460413786
222,2.423049438923246,10.122034950245801,3.4141365997719517,-15.523721141732336,-12.582417061088572,-11.082085750898276
223,-20.029536710695204,-19.976136327357665,-11.095599839386182,3.1351874016741985,-26.999871324183392,-26.99939927411182
224,-22.590944234986775,-18.617499563249446,-3.260567528235009,-23.341670657602943,-28.045110932291337,-28.052768792638403
225,0.0,0.0,0.0,0.0,0.0,0.0
226,-20.52792009153817,-26.661100879056036,-3.397847924695038,-25.392418294325218,-34.097483774852336,-26.425234853568476
227,-6.055246238076181,-19.913713263005523,3.3495624477769987,-20.52678532831575,-33.407159300825924,-20.822971282779836
228,-19.364639922561487,-2.714549891169718,3.3435856651934523,10.092745628364288,-11.832864104672442,-12.632255847082147
229,-13.226771212262996,-12.960564991231404,-24.802998354703867,0.6760767732290955,-23.378390444944753,-23.612062596386977
230,0.0,0.0,0.0,0.0,0.0,0.0
231,-10.367597359108856,-23.65487518835549,-10.866083931384987,3.089458674950497,-25.897376143324045,-27.28886060542578
232,-22.72794961813831,-24.404347240848267,0.9780926934028304,-14.872083873655278,-23.2018463455958,-23.179655587029327
233,-19.023670361233926,-2.4293479519673076,5.467987044484482,-20.193387141675014,-29.600849553181273,-25.74782427662275
234,-23.43633294643124,-16.742255358432466,0.8862613455924984,-21.92349561331787,-29.59513222708757,-26.760559521330887
235,0.0,0.0,0.0,0.0,0.0,0.0
236,13.615187970777896,22.205449321881343,12.963497387612561,20.560318589415285,-19.49742645786248,-0.16016930341254454
237,-10.409863235882936,11.981091984063557,17.045724841600045,11.770212314395538,-3.5403447903150136,-3.859024922027072
238,-6.552747189049523,15.70794200595013,16.90215832988922,22.176159999999996,-0.21470602075561196,0.5364204081756281
239,-9.42166928038227,11.410143692723704,19.590833401125003,12.563108055265818,-3.1281736095986648,-3.1281736095986648
240,0.0,0.0,0.0,0.0,0.0,0.0
241,-18.876974213203674,-19.163617397716237,-6.547913675479439,-1.3458043449657502,-25.338355861494716,-25.720004189331256
242,3.4329820800568793,-17.56794547143096,0.5602411388042756,7.777790852393936,-14.549342790986014,-12.689903978580599
243,-22.267541379201415,-17.365825594322803,-13.323665588501225,0.8197615436009459,-28.085487846448245,-31.110356016970353
244,-16.111790972207018,-1.1018849471563117,-10.793797922737566,-15.984700388381377,-30.38197904988079,-27.460215538105377
245,0.0,0.0,0.0,0.0,0.0,0.0
246,-24.006651997556524,-1.4636996701258134,-14.490116359118023,-22.82811969862023,-25.42263535182242,-32.65356490687921
247,-18.561309044030754,5.467948751612864,-17.263787861189304,-3.0159776421881674,-17.535301865741765,-19.07952244208674
248,-19.43861883099578,-19.18367553828161,-0.45737748544416446,7.7490873517798855,-14.634221167215857,-12.681653537907202
249,-16.743410231167612,-17.62517973258176,-17.647513877827933,-1.4792481576400431,-30.944211035162883,-36.00999472061094
250,0.0,0.0,0.0,0.0,0.0,0.0
251,-10.756747428042134,-25.910625591314794,-3.754409371035115,0.8858661025764976,-30.48672763714564,-25.947399529225667
252,-8.41337867102049,-22.625521512813926,3.0461049608986226,-21.00452986399564,-19.927264755515186,-26.852741227392244
253,-17.199057079163705,-16.920105241617225,7.765053270801397,-19.22038973953554,-15.087398064208895,-15.172385037326032
254,-21.371917754525914,-20.591762633842702,3.0894603332942476,-22.926282125374673,-27.142952160418005,-20.066764623016827
255,0.0,0.0,0.0,0.0,0.0,0.0
256,10.65912911172213,11.850175847966472,11.587313076436011,19.61953693656873,-3.074727626602464,-2.204594046714421
257,8.654328569617997,19.61953693656873,17.024622165687283,-5.214941720662285,-1.0167911578659852,-2.204594046714421
258,10.061860931893643,11.555283819566506,12.50968965084188,19.590833401125003,-5.30525434111331,-1.12237973472731
259,16.144589109787088,-7.698850299049766,22.176159999999996,14.481313083205757,0.5364204081756281,-1.1594106892027831
260,0.0,0.0,0.0,0.0,0.0,0.0
261,-24.724602456492686,-8.250444208428156,-24.808429428816062,-3.4916920993794465,-30.350114500680636,-30.35012991082678
262,-8.348960084043547,-19.22120180711558,-2.6099668010730044,5.440814217164834,-29.96297662861529,-32.43669324664315
263,-17.432313220690776,-18.584592955257282,-25.68947815367979,-1.182907604333467,-24.89304349808944,-25.979586522905784
264,-21.625412065741866,1.1138267501950925,-7.604844659726409,-11.616873824338414,-22.752420477068625,-22.13660083668774
265,0.0,0.0,0.0,0.0,0.0,0.0
266,-15.590146755646087,-21.267312496483942,0.7760183034621804,-21.629086652054628,-24.92549598314699,-23.62687837760301
267,2.271548921983607,7.803957954674604,-15.191508981663638,-16.89015373746832,-26.6232744023316,-26.79910912326353
268,-23.084358610754627,-8.560212984222314,-22.234798834822975,5.413128121254593,-31.32288436654187,-31.06973135519267
269,-24.360740987685023,-24.150618130069727,-27.44707683355114,-3.6310427607202285,-28.6132744683449,-32.650780829695265
270,0.0,0.0,0.0,0.0,0.0,0.0
271,-29.33872486063804,-26.27818526806425,-26.806379071509614,-1.3132714552446088,-25.755574909543682,-32.953622309654065
272,5.271535674386338,-17.91052890844479,-19.524021210440733,-21.007008287101886,-18.244662682432566,-17.741817075053106
273,10.086788982503004,-17.268897709018006,-15.97285433858341,-1.1073309979375647,-12.658806212697243,-27.93130592204526
274,5.315774159003378,-3.0913257590385026,-8.976771218217547,-2.833424976869418,-17.533712678239038,-15.062420198680062
275,0.0,0.0,0.0,0.0,0.0,0.0
276,-8.157141381813762,9.932466653955325,6.925370535970617,17.045724841600045,-5.429810971171443,-23.47993602009369
277,14.60709326530738,22.205449321881343,20.607179998959246,13.01369752313808,1.5814327824573078,0.8574538543403843
278,9.543053237517388,9.28671248181067,9.830331138521876,17.017595376865195,-6.336347981314764,-6.339112935542535
279,24.791999999999998,18.72363176392031,18.77930876956371,18.800173983714213,3.7011125999999983,3.6985689749999984
280,0.0,0.0,0.0,0.0,0.0,0.0
281,-28.003096474915527,-27.443852584815104,-26.77104755450922,-5.489151643725332,-29.128434881465765,-33.06935158740742
282,-24.752012838809314,-21.60157963485556,-20.708470700137344,3.3204211985173355,-29.76183187803946,-30.964756377308813
283,-26.52916692777579,-27.95893512879274,-26.749435186153683,-3.571491374533909,-29.047979814704796,-26.697522682564042
284,-22.81560850729465,3.2726311843162432,-20.974431486190827,-1.88208495288836,-24.854175477729168,-26.275343316013924
285,0.0,0.0,0.0,0.0,0.0,0.0
286,-20.94932172317472,2.8388052488854623,-20.18456043637343,-21.46374823529239,-24.804698928953286,-21.10729971081335
287,2.809502706796717,10.086788982503116,-14.950242315284044,-14.052453391581643,-28.466814364286297,-26.783429945646777
288,-23.91885535171982,-24.444839297356218,-23.51601476823763,3.0828287534755763,-20.245458911270877,-33.755837760976455
289,-10.937473315408177,-28.979074266346924,-29.82047735444713,-6.330811845536544,-32.95208201595305,-31.06619217179666
290,0.0,0.0,0.0,0.0,0.0,0.0
291,-28.436676234172293,-29.59439145252862,-28.42241484597784,-3.516417208243805,-27.85650174639127,-28.769238646758428
292,3.0756089434442564,-11.609741614910003,-19.547463129782813,-17.666513510903787,-26.813461850655777,-25.632143118960062
293,-15.367964638858162,-16.506135101776565,-16.509509802448026,7.765053204251163,-27.546785473983192,-27.546785466756177
294,-18.35634966076714,-11.34601777006894,-19.055509814627296,3.20345867456763,-28.51857867455625,-28.610311520919737
295,0.0,0.0,0.0,0.0,0.0,0.0
296,-13.989274975977635,-13.30856271211995,-11.253558742321353,12.540308015697496,-19.99485291572496,-19.99485291572496
297,-6.904225914164557,24.252002499999993,-4.516680000000001,-6.5992673967052635,-20.39745,-19.38
298,-13.737885293609313,-13.947315304556197,-13.934594041942209,14.349883686928592,-20.994595561511208,-19.99485291572496
299,22.205449321881343,-4.929600621680137,18.40109499908901,20.753968796028122,-19.49742645786248,-1.9014802654902092
300,0.0,0.0,0.0,0.0,0.0,0.0
301,-21.433560211675303,0.9262582182738991,-12.187098724048715,-12.603794501017676,-27.587754039172168,-28.360662398994993
302,-14.487158254607841,10.217982062958859,-16.38683022467271,2.025106408943423,-11.85810418544282,-28.14878416541522
303,-20.55292578338327,3.1255741804765274,-20.220968524374793,-22.139437506259227,-27.98085093575667,-20.37933874355
304,-24.490309585647058,-7.311139972196053,-26.687053964031623,-28.079274402706865,-31.26718919467555,-30.735774379363708
305,0.0,0.0,0.0,0.0,0.0,0.0
306,-30.259911840368368,-7.918495735232915,-31.9878478610109,-32.00942596756266,-48.873378729436936,-46.93255815668311
307,-24.367684639865338,-1.3228873602476903,-24.61585747569278,-24.86673133488488,-26.521723191367517,-30.556742178534694
308,14.818352382719997,-15.496464954538967,12.29092039781689,-13.47962550506102,-6.501943231543611,-7.610894703382691
309,5.013407718877995,-11.963881400547267,-10.060238367696103,-9.230011495723485,-19.09737887112388,-18.769307434681505
310,0.0,0.0,0.0,0.0,0.0,0.0
311,7.5263001613395435,-19.670680166353254,-2.105408383649974,-2.0537629394718233,-22.155099938054693,-12.69013595878386
312,-17.9808832937822,-3.338231440480514,-27.629683027713643,-27.501438700175274,-32.28955594022285,-32.289386786412955
313,-22.649045190613542,1.0861188370377186,-23.742171960290733,-24.099691110531662,-28.167449544681308,-28.19989722879573
314,-23.767226236731887,-3.5063224110224622,-22.254366810753904,-21.46299627390787,-28.7802130735801,-27.963489282222163
315,0.0,0.0,0.0,0.0,0.0,0.0
316,14.28231317460651,22.176159999999996,19.446209293824996,18.720517754939646,-1.5285079226000065,-0.3398332400000076
317,2.401839732895527,11.901435327624966,-14.788108122050431,-14.632915064278286,-12.066480703255769,-24.186249394953354
318,27.4,21.755444019468342,24.271999582156244,24.78480805716893,6.7659995962187445,6.2073949999999956
319,0.03126078906214334,14.446965905554691,5.574195626835358,11.583862134463617,-20.664437196601792,-8.401677512782703
320,0.0,0.0,0.0,0.0,0.0,0.0
321,-21.75552450306314,-1.345790372769313,-24.95354925229793,-23.02111291476441,-27.29120109233935,-28.00754159038176
322,-20.025477737173297,7.91281165564119,0.18962670149398597,-16.944628959741557,-27.90344782464475,-27.903150915475077
323,-22.710230952226308,0.8241354435149446,-21.782202593781072,-22.512488639939797,-29.300127412717046,-29.467528596295256
324,-24.47675341456598,-24.53190058036693,-5.039950913653776,-23.26928310576806,-29.790645615510392,-29.166408752458477
325,0.0,0.0,0.0,0.0,0.0,0.0
326,-27.576678876953864,-25.327010875915406,-5.541813336905115,-25.48031822984884,-30.687435612750814,-30.6877043464866
327,-21.25901008860331,-21.498160948350435,1.1034446697029756,-20.71157085325617,-30.977933906211614,-19.808380577368784
328,-19.29798382469586,7.75579665149449,-19.71749503904821,0.640158638002539,-25.382195076965058,-30.63004948304899
329,-25.55576601978065,-1.4785401295142437,-26.045892945046596,-25.33893725898458,-30.539182385371912,-26.50667744997576
330,0.0,0.0,0.0,0.0,0.0,0.0
331,-25.001227065692728,0.892955538511476,-25.18352219045464,-24.005375308386085,-26.947785808210245,-28.77470127258702
332,-23.12101093452932,-23.16189709799573,-1.7119165113873838,-23.49153391911599,-27.04579099046901,-27.251150758386192
333,-20.699246754093988,3.3423510532830125,-19.00032744371751,-19.363600124585105,-29.276222362946243,-27.188579546845457
334,-24.03725888276042,-22.853775172096892,-2.174595719724123,-23.679953292504088,-34.473860143961716,-29.172172912700923
335,0.0,0.0,0.0,0.0,0.0,0.0
336,-5.480822863213116,18.798707841941592,-5.690341866163886,-5.111804844255388,-19.680416377715993,-23.05724247142955
337,-8.064598870993931,-9.61149808700099,10.224401073893082,-8.59467147305852,-19.97305086527633,-19.97305086527633
338,-6.270266598649088,18.797258967192505,-4.746111780755605,-6.547065889290205,-19.324350288425443,-19.324350288425443
339,-8.759251124243358,-9.234639462327195,-8.984769650710229,-9.319844655110675,-20.52104134690026,-19.49742645786248
340,0.0,0.0,0.0,0.0,0.0,0.0
341,-19.02592000616717,-23.988212735666885,-23.637605913111273,-3.988335648095857,-27.776249566091117,-29.5458233703774
342,-19.63875881178128,5.457370855135577,-18.95099417869083,-18.819709845008376,-25.376524149736497,-26.193868920929212
343,-23.964994579891645,-1.8533283541434455,-24.136770869171233,-22.609418673671755,-28.66266374657978,-27.162766565454213
344,-20.633722941966692,-3.256967367494217,-17.58983308919982,-22.921122683793,-27.842469831768504,-27.84247402101947
345,0.0,0.0,0.0,0.0,0.0,0.0
346,-18.840438092619205,-3.596330505945516,-24.8812530452228,-26.255269049042283,-28.461626647696054,-28.64523936593791
347,-5.144983868251573,3.177207215173183,-19.203469979586178,-5.346352246209964,-29.865062263430694,-21.616945584595538
348,-21.020572104218047,5.4217150831643055,-20.360872210559545,-20.514428075687047,-31.63483014747331,-17.190177623190785
349,-25.675228767027708,-3.8736314590846774,-26.165888990449783,-25.39404821584247,-27.776645688544676,-32.895894015728956
350,0.0,0.0,0.0,0.0,0.0,0.0
351,-25.888604714320984,-1.3128416461307908,-25.195624235290232,-24.878934100318908,-25.065318761344198,-37.39355605375809
352,-11.21630850629799,0.8433794717222012,-20.86665325194463,-13.218729341745304,-22.483531186814517,-27.474894249040617
353,-1.927808185123666,5.602687515559935,-18.802990386824316,-19.26630433563658,-17.295472012668522,-30.363462328777597
354,-21.44592369012374,0.8862366429522965,-22.558786812294468,-21.606279195085104,-30.934639983997975,-24.728855341462356
355,0.0,0.0,0.0,0.0,0.0,0.0
356,-5.742320707785646,15.74614101082928,-5.383421722285945,-5.111804844255388,-19.817527371169078,-19.817527371169078
357,-5.742302614954924,12.877228771094929,-5.383421722285945,-5.5295697469626655,-19.817527371169078,-19.817527371169078
358,-6.969009109946691,-7.926659301516567,-7.056491536440567,15.91711587191249,-19.49742645786248,-19.49742645786248
359,-10.482539299298505,19.548099399957895,-8.647021925819136,-6.86103701387526,-19.324350288425443,-19.324350288425443
360,0.0,0.0,0.0,0.0,0.0,0.0
361,-28.31549069190087,-5.654127960485205,-26.313759526383222,-26.210334453793937,-32.63488280516779,-32.69779826183552
362,-21.50978282252618,3.1712660194507074,-6.617483178296588,-22.732868219578183,-29.936110399475087,-29.894654456127206
363,-26.6954733797831,-3.351811084031003,-26.744568376335558,-25.92609676867736,-28.446283748926785,-26.25749360157847
364,-21.918581172581796,-1.09675940310606,-22.16048150879018,-12.503707637276397,-29.401113160451445,-36.74495537093918
365,0.0,0.0,0.0,0.0,0.0,0.0
366,-23.565364312997122,-1.3648219788243643,-22.196401010658516,-23.235475698802745,-27.50322151408996,-27.508141299307013
367,-16.978866599909853,5.626593055942306,-17.015066100816217,-17.817119818797288,-16.774818768303835,-28.827375634574366
368,-22.746136439953595,3.4537769202004873,-22.54437463840085,-23.97209340622366,-26.254827650467575,-30.54405284195262
369,-32.31237954549181,-5.5254597247625075,-30.578705266747583,-29.000407498420422,-31.206756065665584,-29.515335494327665
370,0.0,0.0,0.0,0.0,0.0,0.0
371,-30.780382527120803,-3.5156442856871473,-31.035820442362944,-30.201316958738808,-28.775540748371707,-41.64453822169257
372,7.48115885141463,-17.369248904583937,-3.361951008528021,-2.335283408260919,-13.436428690765968,-20.96199175259838
373,12.394682635161708,-16.00277482673344,-15.097222674513016,7.630704238995665,-8.022795074595171,-12.402127195675622
374,7.5263001613395435,-0.4739301332795218,-10.241223477495728,-2.0999816384487895,-15.497874124016949,-15.047990090977867
375,0.0,0.0,0.0,0.0,0.0,0.0
376,5.9139393913829785,14.474532780994842,5.068028783227198,3.668439276142834,-19.97305086527633,-8.655676523411369
377,-7.677358853769835,19.61953693656873,16.471857196164642,15.705449054829241,-6.065380512155208,-2.2819929141501434
378,0.3057397752361936,14.446965905554691,-15.860107731290414,3.976623101252909,-14.570809164530225,-9.259070163271556
379,27.4,22.09867685787265,21.81738815505508,24.252999582156246,6.701394999999994,6.271838487499996
380,0.0,0.0,0.0,0.0,0.0,0.0
381,-28.186066713800443,-7.342095358295604,-27.99665314736859,-28.320303673670836,-32.72764725834387,-35.90492857132386
382,-22.75354959179842,0.5642546754720048,-22.591565644739617,-23.386750352329226,-29.762745577476284,-27.086173658487798
383,-26.86998099536544,-5.578692081363068,-28.131359334574768,-28.207446895328637,-29.416112964065775,-29.722410933809233
384,-21.350229210232744,0.6062477503349354,-22.170993325171775,-22.93004822352723,-22.95057492645977,-27.309458505778952
385,0.0,0.0,0.0,0.0,0.0,0.0
386,-24.343610005424694,0.6620291457159054,-14.023648522692426,-16.140852116635685,-27.268419111325617,-27.26859696347643
387,-16.373171976589088,7.770753210450736,-1.2446550810581434,-15.542163553416856,-26.4720265580744,-25.054315664096464
388,-25.197179119587325,1.0138858844215706,-23.919055981678536,-23.964361442385943,-25.922094550734307,-33.090479641148754
389,-31.88757902590598,-29.37150909920546,-25.91390953687953,-7.761227025572482,-32.88196975214616,-32.8790073415235
390,0.0,0.0,0.0,0.0,0.0,0.0
391,-31.111361803370542,-5.559457880583673,-31.08699732894278,-29.906055474118556,-29.523782399334547,-31.478114742562294
392,5.271535653646531,-17.46203478480599,-3.3634144003334256,-17.20779384320153,-24.41822072588681,-28.552029298627144
393,10.144070908981789,-15.463569554873109,2.7840474441283325,-14.71171700527937,-15.05150133454313,-26.296674031220064
394,-17.989081603065625,0.8662183650409407,-18.119570488878132,-17.385173046790857,-26.19730387542716,-24.408173524381034
395,0.0,0.0,0.0,0.0,0.0,0.0
396,-11.978380972674048,-11.378220815802637,-11.81780890864,11.906488708344519,-20.139999999999997,-20.139999999999997
397,-7.573374829676398,20.570014747430108,-7.388953253499999,-7.215565387828349,-20.5485,-19.57
398,-16.99170501285907,-14.017822800554763,-15.831355165018634,9.598253377385127,-19.86669503443368,-19.86669503443368
399,24.791999999999998,-2.3974264578624798,-2.3355678028467164,-4.05626725,-19.324350288425443,-19.324350288425443
400,0.0,0.0,0.0,0.0,0.0,0.0
401,-21.518432665729673,-1.1183352474521064,-21.30268218208196,-20.786829057458128,-30.06931472826671,-38.953507523681274
402,-14.778327484628972,4.815495849059668,-14.77353789714893,-14.773811215004827,-30.233111872881828,-31.976041346765882
403,-24.306880817091535,0.9519294233782826,-23.367564173332305,-22.83035807817869,-33.78237959131335,-31.485702274976735
404,-30.235928514882037,-10.994680743455161,-29.949900426921616,-27.700949691577815,-34.22029222942113,-34.29253118236168
405,0.0,0.0,0.0,0.0,0.0,0.0
406,-30.345879538183034,-9.953422256425641,-29.976193261444752,-30.62080923598974,-31.46127640328151,-31.519855416991266
407,-28.35488366691831,-3.623262654678083,-28.31801714865616,-29.43293570660355,-36.211006323223735,-38.07122613233819
408,9.727638344316652,12.415831595726837,9.670531437504025,-11.735363763518412,17.161584063999996,-3.9802345276437174
409,-8.270551171399566,-8.951235584092046,-17.539065916030292,-17.459206910566966,7.156538488651016,-21.861982112499998
410,0.0,0.0,0.0,0.0,0.0,0.0
411,-1.7378025587478814,4.951084867603912,-0.6836988549044356,-0.14879315214827563,9.720714450346474,-13.331297510037878
412,-27.982569663216807,-5.360088759630214,-28.619928897615857,-28.52576070944524,-36.200663367835894,-29.80950627763338
413,-22.195433537499575,-7.5612169051843185,-22.54217297427432,-22.754867570451278,-36.369666789989374,-27.96364415747277
414,-24.349909903343583,-5.260186714836835,-23.840889096595234,-24.355335484704558,-29.37285418533441,-28.33601276401599
415,0.0,0.0,0.0,0.0,0.0,0.0
416,15.549142587805926,19.552636799999995,15.546068948002604,15.484729417084967,-2.4964380789600096,12.77842131031705
417,6.261652032381257,9.343406621072466,-17.18503326682756,-2.9910750450489423,-26.39441345758022,-5.102001195860093
418,27.399816281249997,23.222032749999997,27.39999084375,27.39999084375,9.399999556249998,30.0
419,1.9553773456452725,11.959912704435178,3.009533081226258,-0.825299960674683,-33.383591975370756,-16.595430208122686
420,0.0,0.0,0.0,0.0,0.0,0.0
421,-24.138474371033805,-3.3203774170902762,-25.14091847422181,-24.205745599391378,-35.95556787067088,-28.06575107369051
422,-19.675791881675718,5.500687891210293,-20.762418682191374,-20.08122722840173,-30.54138989735665,-30.54791224348931
423,-15.209364638111865,-1.382951180415002,-15.480463049006802,-22.189758757025405,-27.893206460450163,-27.888381725148083
424,-25.14495267340229,-7.188498670894843,-24.679987120284903,-24.497262869187523,-31.45710167352674,-29.385797011653107
425,0.0,0.0,0.0,0.0,0.0,0.0
426,-27.851541017217208,-7.929723449523666,-28.73567862130884,-27.636315670697147,-29.490324034023175,-44.39199042112133
427,-21.660173454545838,-1.2991567720683208,-21.834841453285723,-23.894894016693467,-31.568387612375112,-36.56246951616241
428,-21.055523583309302,1.4911204934583584,-21.659750961601056,-20.363109401713455,-29.266338608028544,-29.43358760711138
429,-26.42392906069408,-3.441622366185397,-26.458660152615835,-25.876019268218027,-26.38831506124428,-28.531700437585265
430,0.0,0.0,0.0,0.0,0.0,0.0
431,-26.384957792533058,-1.0120430756505487,-25.992800565670663,-26.44043414820784,-28.530064617442516,-28.53003592387985
432,-24.000953751170922,-24.528990988539785,-3.080377557866124,-22.866290392175017,-24.74942239341216,-24.749422779368203
433,-22.697120095059688,-21.02332596737626,1.044390522593122,-22.248342402741898,-27.08925611001062,-32.7520251496078
434,-25.907036363779717,-24.618807750305756,-3.1173739046516036,-15.728547022272362,-32.66293597674989,-30.79162006229818
435,0.0,0.0,0.0,0.0,0.0,0.0
436,-5.480822863213116,-7.210372454920695,-5.734703626051146,-5.480822863213116,-19.86669503443368,-19.86669503443368
437,-7.9222399999999995,-12.103647699181648,-7.576484356700361,-7.9222399999999995,-20.139999999999997,-20.139999999999997
438,-6.1516244900000006,-6.540115482642937,-6.605014080000001,-6.1516244900000006,-19.19,-19.19
439,-8.86335668148,-6.827773444104356,-8.147099286127311,-6.710863080000001,-19.38,-19.38
440,0.0,0.0,0.0,0.0,0.0,0.0
441,-24.662414622589687,-24.852751371543636,-25.775906104075244,-18.58057898612046,-43.302013893106086,-32.337343953700916
442,-18.773219094766436,3.3199081039736655,-18.62341462442388,-4.211061642578307,-28.862802654670368,-28.86529085042137
443,-25.365298036519924,-24.56680463471398,-26.360150972313267,-3.2916984696319407,-28.73970286055475,-28.86180547592047
444,-24.53955343935051,-5.196576084605194,-24.63889245770209,-24.434847609017755,-43.286064011937675,-26.52805273242783
445,0.0,0.0,0.0,0.0,0.0,0.0
446,-28.932443841647174,-5.647325727420165,-28.932444641007066,-27.11069321406541,-45.825548100868346,-45.825548100868346
447,-20.04623975187034,1.0490689241929945,-20.124161860627872,-20.063058009317757,-33.75745536040349,-33.66056289727471
448,-21.094774072916003,3.212541948640519,-21.123851469229542,-20.918507505232714,-34.85439994698254,-27.808565766034544
449,-28.23844941394387,-26.863304535721436,-27.43523415744447,-6.006967054491302,-29.05756570504334,-44.922083887554024
450,0.0,0.0,0.0,0.0,0.0,0.0
451,-27.398450388701225,-3.1257139863103283,-26.580957227046962,-26.38748293196758,-27.001424561182173,-29.081875139189766
452,-22.05710480727273,-1.1734973805808124,-22.05594693228909,-24.08283612723171,-29.329636322518326,-29.309006418063305
453,-21.47736303806445,3.285248151530157,-21.06901784829575,-21.387832069906587,-26.767257662226754,-30.591248923121153
454,-23.212967061903328,-1.136171257320186,-23.022553140673462,-23.694361415355466,-24.579324861814314,-32.308404347727226
455,0.0,0.0,0.0,0.0,0.0,0.0
456,-5.734703626051146,-5.547390838936013,-5.734703626051146,-7.789879295539599,-19.99485291572496,-19.99485291572496
457,-5.734703626051146,-5.690004977655818,-5.734703626051146,-7.9222399999999995,-19.99485291572496,-19.99485291572496
458,-6.710863080000001,-8.914592036995474,-6.710863080000001,-6.17161306,-19.38,-19.38
459,-10.157154989377434,-8.736676726977894,-10.060373495820889,-8.960531853225138,-19.19,-19.19
460,0.0,0.0,0.0,0.0,0.0,0.0
461,-10.71606177423468,-7.689216824719141,-30.385009932542488,-28.34406384204128,-37.005964727913536,-32.897822095758514
462,-24.4965557767936,0.8100150674846051,-24.705727171822122,-23.397362239637754,-21.831056582202763,-27.601056369459513
463,-26.903994953256163,-5.334554659289395,-26.72781760300736,-29.228103160454822,-29.134863107359763,-31.392197950810342
464,-13.93313641491614,-9.076210877251246,-23.533055777468526,-25.079201210509318,-28.22846175987325,-28.228498591386433
465,0.0,0.0,0.0,0.0,0.0,0.0
466,-24.424873858797373,-15.026275991167878,-24.684282713539435,-25.058113782096108,-30.225467553456745,-30.225467144812107
467,-17.430559416883277,-17.81961815883448,3.332785244176249,-8.3249373676507,-23.623332776124208,-26.152096837003292
468,-23.722026307960473,1.0124987005585828,-23.975420602455152,-25.12809370164845,-30.909649250125177,-25.739791588426627
469,-30.78082244823212,-7.676941719456984,-30.771614432833285,-31.11607241171453,-37.59270373651324,-31.588700463507376
470,0.0,0.0,0.0,0.0,0.0,0.0
471,-16.21953137688104,-5.426436243321444,-31.841953167619074,-17.124531274366596,-34.4573194615054,-48.67816304850168
472,-14.652037551368316,5.01262384176406,-15.65888583529941,0.07325170244105284,9.674651889198602,-24.712252465064946
473,9.011555917574608,8.700489569834176,-11.896449629797985,10.03875485380354,14.688451668532355,-7.815879430055784
474,1.2454792967288728,-17.11963018831174,-15.612415568549169,0.2726297741591506,9.720714450346474,-13.374304238789291
475,0.0,0.0,0.0,0.0,0.0,0.0
476,-14.708020714160371,11.912910091018981,4.244902090235375,0.901899927973538,-12.081108332121305,1.0579710433898744
477,-10.716821492353606,17.029032314828935,-10.450599204572281,14.334610231046765,-7.172207727858174,12.327659972621689
478,-0.8030669316883672,11.959912704435178,3.2566627559085837,3.0644544357950214,-11.223406328069675,-0.097522441230746
479,27.39999084375,24.718145,24.718144999999993,27.399999977109374,9.396331249999998,30.0
480,0.0,0.0,0.0,0.0,0.0,0.0
481,-30.44956582946007,-10.575262750988346,-29.077864375123156,-29.030403408493857,-35.508372015276,-30.097193338971486
482,-24.207689857685686,-23.58154318564912,-24.811403576755964,-1.0049813904289364,-27.408855857160816,-27.55486693941524
483,-28.361966309811095,-18.931626851541324,-29.487070188576645,-29.177554044457366,-32.26642149071693,-32.7899070474302
484,-23.55211249491766,-8.808724106145508,-23.606108103370094,-23.522151768489486,-25.409610398584995,-28.16726576357466
485,0.0,0.0,0.0,0.0,0.0,0.0
486,-24.62324009784379,-1.3602101684144043,-23.414905903218415,-24.954507958830295,-29.8798997774855,-29.871998504922523
487,-19.350859346851642,5.536382809984188,-19.30047833653473,-18.02309759474231,-25.646906908868242,-25.646900240352064
488,-26.1633483025431,-1.1209734273978207,-25.077449483966987,-25.157904135594528,-33.36875464798715,-31.962953850962194
489,-33.27079130981565,-9.651418154104537,-32.0277545624752,-31.961281463682905,-35.49956105304702,-37.502530770092214
490,0.0,0.0,0.0,0.0,0.0,0.0
491,-30.519802255576643,-7.513121810260311,-31.845492499385553,-32.01715271509173,-30.44808333259474,-35.88925758630016
492,-0.7388950142334626,-17.874394372349077,-17.12444103366242,7.481158851192384,-24.08077530495014,-24.075353813629032
493,-13.74769299765966,-15.17970735705992,-13.756396067321523,12.394625961402273,-24.071299906955247,-23.890798739338607
494,-17.028340364768088,-17.9544320429714,-17.454993853114534,7.505689347336179,-24.071182389813412,-26.125100306876213
495,0.0,0.0,0.0,0.0,0.0,0.0
496,-15.538994775771846,9.106916632000825,-15.546397868096122,-15.11913003050524,-21.363014714271117,-20.297401153701774
497,-10.34058279506,-8.780484624562746,-10.472423028150649,11.504739738022508,-20.7974,-20.747999999999998
498,-17.59163776085124,6.483208129563524,-17.11802014790741,-16.275563885162875,-27.83847100339514,-19.759999999999998
499,-2.09,-2.2243502884254442,-2.09,27.4,-19.19,5.4928999999999935
